fecha,mercado,tipo_aplicacion,canal,canal_detail,transacciones_ga,sesiones_ga,peso_canal,total_transacciones_ga,total_sesiones_ga,ratio_conversion_ga
2024-01-01,can,web,Canal no identificado,Detalle canal no identificado,28,66,0.14285714285714285,196,356,0.42424242424242425
2024-01-01,can,web,Other,Referral,69,72,0.3520408163265306,196,356,0.9583333333333334
2024-01-01,can,web,Social,google,99,218,0.5051020408163265,196,356,0.4541284403669725
2024-01-01,esp,móvil,Organic,Medium,92,236,0.8070175438596491,114,401,0.3898305084745763
2024-01-01,esp,móvil,Other,Referral,22,165,0.19298245614035087,114,401,0.13333333333333333
2024-01-01,esp,web,CRM,Sale,54,255,0.22131147540983606,244,560,0.21176470588235294
2024-01-01,esp,web,Organic,Medium,94,101,0.38524590163934425,244,560,0.9306930693069307
2024-01-01,esp,web,Social,newsletter,96,204,0.39344262295081966,244,560,0.47058823529411764
2024-01-01,fra,móvil,CRM,Marketing,2,250,1.0,2,250,0.008
2024-01-01,ger,móvil,CRM,Marketing,26,216,0.23423423423423423,111,404,0.12037037037037036
2024-01-01,ger,móvil,Paid,Comunicacion,13,100,0.11711711711711711,111,404,0.13
2024-01-01,ger,móvil,Social,google,72,88,0.6486486486486487,111,404,0.8181818181818182
2024-01-01,ger,web,Canal no identificado,Detalle canal no identificado,2,75,0.024390243902439025,82,495,0.02666666666666667
2024-01-01,ger,web,Other,Referral,80,420,0.975609756097561,82,495,0.19047619047619047
2024-01-02,can,web,Canal no identificado,Detalle canal no identificado,25,84,1.0,25,84,0.2976190476190476
2024-01-02,esp,móvil,CRM,Sale,90,118,0.7258064516129032,124,247,0.7627118644067796
2024-01-02,esp,móvil,Paid,Comunicacion,34,129,0.27419354838709675,124,247,0.26356589147286824
2024-01-02,esp,web,Social,facebook,96,284,1.0,96,284,0.3380281690140845
2024-01-02,jpn,móvil,Organic,Medium,84,243,1.0,84,243,0.345679012345679
2024-01-02,jpn,web,Other,Referral,29,223,1.0,29,223,0.13004484304932734
2024-01-02,mex,móvil,CRM,Marketing,21,191,0.09813084112149532,214,542,0.1099476439790576
2024-01-02,mex,móvil,Organic,Medium,193,351,0.9018691588785047,214,542,0.5498575498575499
2024-01-02,usa,móvil,Canal no identificado,Detalle canal no identificado,83,295,1.0,83,295,0.28135593220338984
2024-01-03,can,web,CRM,Marketing,95,60,1.0,95,60,1.5833333333333333
2024-01-03,esp,móvil,Other,Referral,15,66,1.0,15,66,0.22727272727272727
2024-01-03,fra,móvil,Canal no identificado,Detalle canal no identificado,6,271,1.0,6,271,0.02214022140221402
2024-01-03,fra,web,CRM,Sale,86,247,0.7288135593220338,118,469,0.3481781376518219
2024-01-03,fra,web,Canal no identificado,Detalle canal no identificado,32,222,0.2711864406779661,118,469,0.14414414414414414
2024-01-03,ger,móvil,Other,Referral,88,267,1.0,88,267,0.3295880149812734
2024-01-03,ger,web,CRM,Transaccionales,71,264,0.5725806451612904,124,521,0.2689393939393939
2024-01-03,ger,web,Organic,Medium,53,257,0.4274193548387097,124,521,0.20622568093385213
2024-01-03,jpn,móvil,CRM,Transaccionales,2,57,1.0,2,57,0.03508771929824561
2024-01-03,jpn,web,Other,Referral,67,157,1.0,67,157,0.4267515923566879
2024-01-03,mex,web,Organic,Medium,79,212,1.0,79,212,0.37264150943396224
2024-01-03,usa,web,CRM,Marketing,76,87,1.0,76,87,0.8735632183908046
2024-01-04,can,móvil,Organic,Medium,95,65,1.0,95,65,1.4615384615384615
2024-01-04,esp,móvil,Paid,Comunicacion,26,225,0.4406779661016949,59,476,0.11555555555555555
2024-01-04,esp,móvil,Social,newsletter,33,251,0.559322033898305,59,476,0.13147410358565736
2024-01-04,esp,web,Canal no identificado,Detalle canal no identificado,93,272,0.5670731707317073,164,438,0.34191176470588236
2024-01-04,esp,web,Social,facebook,5,92,0.03048780487804878,164,438,0.05434782608695652
2024-01-04,esp,web,Social,twitter,66,74,0.4024390243902439,164,438,0.8918918918918919
2024-01-04,fra,móvil,Organic,Medium,46,127,1.0,46,127,0.36220472440944884
2024-01-04,fra,web,CRM,Transaccionales,50,197,0.352112676056338,142,429,0.25380710659898476
2024-01-04,fra,web,Organic,Medium,92,232,0.647887323943662,142,429,0.39655172413793105
2024-01-04,ger,móvil,CRM,Marketing,37,183,0.3008130081300813,123,374,0.20218579234972678
2024-01-04,ger,móvil,Social,twitter,86,191,0.6991869918699187,123,374,0.450261780104712
2024-01-04,ger,web,Organic,Medium,0,164,1.0,0,164,0.0
2024-01-04,jpn,móvil,CRM,Marketing,7,271,0.08333333333333333,84,351,0.025830258302583026
2024-01-04,jpn,móvil,Social,instagram,77,80,0.9166666666666666,84,351,0.9625
2024-01-04,jpn,web,CRM,Sale,80,109,0.5882352941176471,136,283,0.7339449541284404
2024-01-04,jpn,web,Organic,Medium,56,174,0.4117647058823529,136,283,0.3218390804597701
2024-01-04,mex,móvil,Canal no identificado,Detalle canal no identificado,32,66,0.8648648648648649,37,303,0.48484848484848486
2024-01-04,mex,móvil,Organic,Medium,5,237,0.13513513513513514,37,303,0.02109704641350211
2024-01-04,mex,web,Social,twitter,7,94,1.0,7,94,0.07446808510638298
2024-01-04,usa,web,CRM,Transaccionales,95,69,0.5397727272727273,176,435,1.3768115942028984
2024-01-04,usa,web,Organic,Medium,81,366,0.4602272727272727,176,435,0.22131147540983606
2024-01-05,can,móvil,CRM,Sale,50,264,0.25125628140703515,199,746,0.1893939393939394
2024-01-05,can,móvil,Organic,Medium,85,285,0.4271356783919598,199,746,0.2982456140350877
2024-01-05,can,móvil,Social,facebook,64,197,0.32160804020100503,199,746,0.3248730964467005
2024-01-05,can,web,CRM,Transaccionales,39,248,1.0,39,520,0.15725806451612903
2024-01-05,can,web,Social,google,0,272,0.0,39,520,0.0
2024-01-05,esp,web,CRM,Marketing,0,115,0.0,65,273,0.0
2024-01-05,esp,web,Canal no identificado,Detalle canal no identificado,65,158,1.0,65,273,0.41139240506329117
2024-01-05,fra,móvil,CRM,Sale,71,180,1.0,71,180,0.39444444444444443
2024-01-05,jpn,móvil,Social,newsletter,76,96,1.0,76,96,0.7916666666666666
2024-01-05,mex,móvil,CRM,Marketing,18,55,1.0,18,55,0.32727272727272727
2024-01-05,mex,web,Canal no identificado,Detalle canal no identificado,37,263,0.3217391304347826,115,516,0.14068441064638784
2024-01-05,mex,web,Social,twitter,78,253,0.6782608695652174,115,516,0.308300395256917
2024-01-05,usa,móvil,Canal no identificado,Detalle canal no identificado,71,113,0.45806451612903226,155,289,0.6283185840707964
2024-01-05,usa,móvil,Organic,Medium,19,66,0.12258064516129032,155,289,0.2878787878787879
2024-01-05,usa,móvil,Social,twitter,65,110,0.41935483870967744,155,289,0.5909090909090909
2024-01-05,usa,web,Other,Referral,75,262,1.0,75,262,0.2862595419847328
2024-01-06,can,móvil,CRM,Marketing,39,249,0.4105263157894737,95,377,0.1566265060240964
2024-01-06,can,móvil,Paid,Comunicacion,56,128,0.5894736842105263,95,377,0.4375
2024-01-06,can,web,Other,Referral,89,204,0.7235772357723578,123,326,0.4362745098039216
2024-01-06,can,web,Social,twitter,34,122,0.2764227642276423,123,326,0.2786885245901639
2024-01-06,esp,móvil,Organic,Medium,37,224,1.0,37,224,0.16517857142857142
2024-01-06,esp,web,Organic,Medium,51,137,0.3269230769230769,156,323,0.3722627737226277
2024-01-06,esp,web,Other,Referral,92,107,0.5897435897435898,156,323,0.8598130841121495
2024-01-06,esp,web,Social,newsletter,13,79,0.08333333333333333,156,323,0.16455696202531644
2024-01-06,fra,móvil,Organic,Medium,70,120,1.0,70,120,0.5833333333333334
2024-01-06,fra,web,CRM,Marketing,40,293,1.0,40,293,0.13651877133105803
2024-01-06,ger,web,Social,newsletter,54,289,1.0,54,289,0.18685121107266436
2024-01-06,jpn,web,CRM,Marketing,85,110,0.6538461538461539,130,205,0.7727272727272727
2024-01-06,jpn,web,Organic,Medium,45,95,0.34615384615384615,130,205,0.47368421052631576
2024-01-06,mex,web,Canal no identificado,Detalle canal no identificado,93,298,1.0,93,298,0.31208053691275167
2024-01-07,can,móvil,Organic,Medium,88,233,1.0,88,233,0.3776824034334764
2024-01-07,can,web,CRM,Sale,47,267,0.2422680412371134,194,671,0.1760299625468165
2024-01-07,can,web,Canal no identificado,Detalle canal no identificado,83,143,0.42783505154639173,194,671,0.5804195804195804
2024-01-07,can,web,Organic,Medium,2,127,0.010309278350515464,194,671,0.015748031496062992
2024-01-07,can,web,Other,Referral,62,134,0.31958762886597936,194,671,0.4626865671641791
2024-01-07,esp,web,Organic,Medium,32,172,0.5423728813559322,59,325,0.18604651162790697
2024-01-07,esp,web,Social,google,27,153,0.4576271186440678,59,325,0.17647058823529413
2024-01-07,ger,móvil,Other,Referral,47,273,1.0,47,273,0.17216117216117216
2024-01-07,ger,web,Social,google,32,79,1.0,32,79,0.4050632911392405
2024-01-07,jpn,móvil,CRM,Sale,38,112,0.16593886462882096,229,598,0.3392857142857143
2024-01-07,jpn,móvil,CRM,Transaccionales,75,281,0.32751091703056767,229,598,0.2669039145907473
2024-01-07,jpn,móvil,Canal no identificado,Detalle canal no identificado,32,78,0.13973799126637554,229,598,0.41025641025641024
2024-01-07,jpn,móvil,Paid,Performance,84,127,0.36681222707423583,229,598,0.6614173228346457
2024-01-07,mex,móvil,Social,google,14,265,1.0,14,265,0.052830188679245285
2024-01-07,usa,web,Social,newsletter,29,212,0.6590909090909091,44,437,0.13679245283018868
2024-01-07,usa,web,Social,twitter,15,225,0.3409090909090909,44,437,0.06666666666666667
2024-01-08,can,móvil,CRM,Transaccionales,43,249,0.33858267716535434,127,340,0.17269076305220885
2024-01-08,can,móvil,Paid,Comunicacion,84,91,0.6614173228346457,127,340,0.9230769230769231
2024-01-08,can,web,Canal no identificado,Detalle canal no identificado,49,225,0.5051546391752577,97,323,0.21777777777777776
2024-01-08,can,web,Other,Referral,48,98,0.4948453608247423,97,323,0.4897959183673469
2024-01-08,esp,móvil,Canal no identificado,Detalle canal no identificado,88,167,1.0,88,167,0.5269461077844312
2024-01-08,esp,web,CRM,Sale,98,178,1.0,98,178,0.550561797752809
2024-01-08,fra,móvil,Social,instagram,94,128,1.0,94,128,0.734375
2024-01-08,ger,web,Canal no identificado,Detalle canal no identificado,25,171,1.0,25,171,0.14619883040935672
2024-01-08,jpn,móvil,CRM,Marketing,37,222,1.0,37,222,0.16666666666666666
2024-01-08,jpn,web,Organic,Medium,21,390,0.9130434782608695,23,463,0.05384615384615385
2024-01-08,jpn,web,Social,instagram,2,73,0.08695652173913043,23,463,0.0273972602739726
2024-01-08,mex,móvil,Social,google,43,270,1.0,43,270,0.15925925925925927
2024-01-08,mex,web,Organic,Medium,12,195,0.125,96,454,0.06153846153846154
2024-01-08,mex,web,Social,twitter,84,259,0.875,96,454,0.32432432432432434
2024-01-08,usa,móvil,Other,Referral,44,135,1.0,44,135,0.32592592592592595
2024-01-08,usa,web,CRM,Transaccionales,81,192,1.0,81,192,0.421875
2024-01-09,can,móvil,Organic,Medium,39,178,0.312,125,340,0.21910112359550563
2024-01-09,can,móvil,Social,google,51,80,0.408,125,340,0.6375
2024-01-09,can,móvil,Social,instagram,35,82,0.28,125,340,0.4268292682926829
2024-01-09,can,web,CRM,Marketing,94,94,0.8173913043478261,115,270,1.0
2024-01-09,can,web,Organic,Medium,21,176,0.1826086956521739,115,270,0.11931818181818182
2024-01-09,esp,móvil,CRM,Marketing,36,166,1.0,36,166,0.21686746987951808
2024-01-09,fra,móvil,Organic,Medium,50,164,1.0,50,164,0.3048780487804878
2024-01-09,fra,web,CRM,Sale,26,150,0.5909090909090909,44,439,0.17333333333333334
2024-01-09,fra,web,Social,google,18,289,0.4090909090909091,44,439,0.06228373702422145
2024-01-09,ger,móvil,Organic,Medium,67,135,0.432258064516129,155,262,0.4962962962962963
2024-01-09,ger,móvil,Social,instagram,88,127,0.567741935483871,155,262,0.6929133858267716
2024-01-09,ger,web,CRM,Marketing,99,520,1.0,99,520,0.19038461538461537
2024-01-09,jpn,móvil,Other,Referral,5,265,1.0,5,265,0.018867924528301886
2024-01-09,jpn,web,Other,Referral,125,323,1.0,125,323,0.38699690402476783
2024-01-09,mex,móvil,Social,google,46,138,1.0,46,138,0.3333333333333333
2024-01-09,usa,móvil,Canal no identificado,Detalle canal no identificado,39,296,1.0,39,296,0.13175675675675674
2024-01-10,can,móvil,CRM,Transaccionales,15,166,0.21739130434782608,69,441,0.09036144578313253
2024-01-10,can,móvil,Social,newsletter,54,275,0.782608695652174,69,441,0.19636363636363635
2024-01-10,can,web,Other,Referral,51,154,1.0,51,154,0.33116883116883117
2024-01-10,esp,móvil,Social,twitter,53,159,1.0,53,159,0.3333333333333333
2024-01-10,fra,móvil,CRM,Sale,94,83,1.0,94,83,1.1325301204819278
2024-01-10,fra,web,CRM,Marketing,79,259,1.0,79,259,0.305019305019305
2024-01-10,ger,móvil,Organic,Medium,87,107,1.0,87,107,0.8130841121495327
2024-01-10,ger,web,CRM,Marketing,88,177,1.0,88,177,0.4971751412429379
2024-01-10,mex,móvil,CRM,Marketing,92,265,1.0,92,265,0.3471698113207547
2024-01-10,mex,web,Other,Referral,3,203,1.0,3,203,0.014778325123152709
2024-01-10,usa,web,Other,Referral,55,252,1.0,55,252,0.21825396825396826
2024-01-11,can,móvil,Social,google,1,113,1.0,1,113,0.008849557522123894
2024-01-11,esp,móvil,Canal no identificado,Detalle canal no identificado,92,257,1.0,92,257,0.35797665369649806
2024-01-11,esp,web,Other,Referral,81,136,1.0,81,136,0.5955882352941176
2024-01-11,fra,web,Organic,Medium,72,170,1.0,72,170,0.4235294117647059
2024-01-11,ger,web,Other,Referral,13,177,1.0,13,177,0.07344632768361582
2024-01-11,jpn,móvil,Other,Referral,9,255,1.0,9,255,0.03529411764705882
2024-01-11,usa,móvil,Paid,Comunicacion,8,182,0.2222222222222222,36,429,0.04395604395604396
2024-01-11,usa,móvil,Social,twitter,28,247,0.7777777777777778,36,429,0.11336032388663968
2024-01-12,can,móvil,Social,google,87,273,1.0,87,273,0.31868131868131866
2024-01-12,can,web,Organic,Medium,65,123,0.47794117647058826,136,230,0.5284552845528455
2024-01-12,can,web,Social,twitter,71,107,0.5220588235294118,136,230,0.6635514018691588
2024-01-12,esp,móvil,CRM,Sale,44,169,0.55,80,368,0.2603550295857988
2024-01-12,esp,móvil,Organic,Medium,36,199,0.45,80,368,0.18090452261306533
2024-01-12,esp,web,Social,instagram,96,290,1.0,96,290,0.3310344827586207
2024-01-12,ger,móvil,CRM,Marketing,65,197,0.5701754385964912,114,349,0.3299492385786802
2024-01-12,ger,móvil,Organic,Medium,49,152,0.4298245614035088,114,349,0.3223684210526316
2024-01-12,jpn,móvil,Organic,Medium,95,142,0.9595959595959596,99,358,0.6690140845070423
2024-01-12,jpn,móvil,Other,Referral,4,216,0.04040404040404041,99,358,0.018518518518518517
2024-01-12,jpn,web,Social,google,43,163,1.0,43,163,0.26380368098159507
2024-01-12,mex,móvil,CRM,Transaccionales,44,197,0.19642857142857142,224,850,0.2233502538071066
2024-01-12,mex,móvil,Canal no identificado,Detalle canal no identificado,61,176,0.27232142857142855,224,850,0.3465909090909091
2024-01-12,mex,móvil,Organic,Medium,65,158,0.29017857142857145,224,850,0.41139240506329117
2024-01-12,mex,móvil,Other,Referral,0,58,0.0,224,850,0.0
2024-01-12,mex,móvil,Social,instagram,54,261,0.24107142857142858,224,850,0.20689655172413793
2024-01-12,usa,móvil,Social,instagram,14,57,1.0,14,57,0.24561403508771928
2024-01-12,usa,web,Organic,Medium,53,182,0.5196078431372549,102,423,0.29120879120879123
2024-01-12,usa,web,Other,Referral,49,241,0.4803921568627451,102,423,0.2033195020746888
2024-01-13,can,móvil,Social,facebook,21,199,1.0,21,199,0.10552763819095477
2024-01-13,can,web,Organic,Medium,96,271,0.5853658536585366,164,503,0.35424354243542433
2024-01-13,can,web,Other,Referral,68,232,0.4146341463414634,164,503,0.29310344827586204
2024-01-13,esp,web,Canal no identificado,Detalle canal no identificado,17,214,0.09392265193370165,181,669,0.0794392523364486
2024-01-13,esp,web,Other,Referral,73,202,0.40331491712707185,181,669,0.3613861386138614
2024-01-13,esp,web,Paid,Comunicacion,91,253,0.5027624309392266,181,669,0.35968379446640314
2024-01-13,fra,móvil,CRM,Marketing,27,216,0.2647058823529412,102,335,0.125
2024-01-13,fra,móvil,Paid,Comunicacion,75,119,0.7352941176470589,102,335,0.6302521008403361
2024-01-13,fra,web,Social,facebook,0,99,1.0,0,99,0.0
2024-01-13,ger,móvil,Canal no identificado,Detalle canal no identificado,82,137,1.0,82,137,0.5985401459854015
2024-01-13,jpn,web,Other,Referral,89,282,1.0,89,282,0.31560283687943264
2024-01-13,mex,web,Other,Referral,8,67,1.0,8,67,0.11940298507462686
2024-01-13,usa,móvil,Other,Referral,25,325,1.0,25,325,0.07692307692307693
2024-01-13,usa,web,Organic,Medium,17,108,0.6296296296296297,27,357,0.1574074074074074
2024-01-13,usa,web,Other,Referral,10,249,0.37037037037037035,27,357,0.040160642570281124
2024-01-14,can,móvil,Canal no identificado,Detalle canal no identificado,61,126,0.6421052631578947,95,420,0.48412698412698413
2024-01-14,can,móvil,Social,instagram,34,294,0.35789473684210527,95,420,0.11564625850340136
2024-01-14,can,web,CRM,Sale,15,169,0.2777777777777778,54,457,0.08875739644970414
2024-01-14,can,web,Canal no identificado,Detalle canal no identificado,39,288,0.7222222222222222,54,457,0.13541666666666666
2024-01-14,esp,móvil,CRM,Marketing,99,67,0.5963855421686747,166,276,1.4776119402985075
2024-01-14,esp,móvil,CRM,Sale,19,59,0.1144578313253012,166,276,0.3220338983050847
2024-01-14,esp,móvil,Organic,Medium,48,150,0.2891566265060241,166,276,0.32
2024-01-14,fra,móvil,Other,Referral,12,280,1.0,12,280,0.04285714285714286
2024-01-14,ger,móvil,CRM,Sale,56,385,1.0,56,385,0.14545454545454545
2024-01-14,ger,web,Other,Referral,76,91,1.0,76,91,0.8351648351648352
2024-01-14,jpn,móvil,Canal no identificado,Detalle canal no identificado,36,269,1.0,36,269,0.13382899628252787
2024-01-14,jpn,web,Organic,Medium,7,185,1.0,7,185,0.03783783783783784
2024-01-14,mex,móvil,Canal no identificado,Detalle canal no identificado,45,100,0.45918367346938777,98,533,0.45
2024-01-14,mex,móvil,Other,Referral,44,153,0.4489795918367347,98,533,0.2875816993464052
2024-01-14,mex,móvil,Social,google,9,280,0.09183673469387756,98,533,0.03214285714285714
2024-01-14,mex,web,Canal no identificado,Detalle canal no identificado,24,248,0.5454545454545454,44,377,0.0967741935483871
2024-01-14,mex,web,Organic,Medium,20,129,0.45454545454545453,44,377,0.15503875968992248
2024-01-14,usa,móvil,Organic,Medium,59,298,1.0,59,298,0.19798657718120805
2024-01-14,usa,web,CRM,Marketing,20,143,0.0966183574879227,207,656,0.13986013986013987
2024-01-14,usa,web,CRM,Sale,94,234,0.45410628019323673,207,656,0.4017094017094017
2024-01-14,usa,web,Other,Referral,93,279,0.4492753623188406,207,656,0.3333333333333333
2024-01-15,fra,móvil,Other,Referral,95,172,1.0,95,172,0.5523255813953488
2024-01-15,fra,web,CRM,Marketing,20,95,0.20408163265306123,98,389,0.21052631578947367
2024-01-15,fra,web,Social,newsletter,78,294,0.7959183673469388,98,389,0.2653061224489796
2024-01-15,jpn,web,Other,Referral,53,117,1.0,53,117,0.452991452991453
2024-01-15,mex,móvil,Other,Referral,30,218,1.0,30,218,0.13761467889908258
2024-01-15,mex,web,Social,twitter,33,166,1.0,33,166,0.19879518072289157
2024-01-15,usa,móvil,Other,Referral,6,81,1.0,6,81,0.07407407407407407
2024-01-16,can,móvil,CRM,Marketing,9,147,0.45,20,332,0.061224489795918366
2024-01-16,can,móvil,Canal no identificado,Detalle canal no identificado,11,185,0.55,20,332,0.05945945945945946
2024-01-16,can,web,Organic,Medium,74,197,1.0,74,197,0.3756345177664975
2024-01-16,esp,web,Other,Referral,32,142,1.0,32,142,0.22535211267605634
2024-01-16,ger,móvil,Canal no identificado,Detalle canal no identificado,175,182,1.0,175,182,0.9615384615384616
2024-01-16,ger,web,Organic,Medium,51,233,1.0,51,233,0.21888412017167383
2024-01-16,jpn,móvil,CRM,Transaccionales,2,114,0.030303030303030304,66,315,0.017543859649122806
2024-01-16,jpn,móvil,Other,Referral,64,201,0.9696969696969697,66,315,0.31840796019900497
2024-01-16,mex,móvil,Other,Referral,45,173,1.0,45,173,0.26011560693641617
2024-01-16,mex,web,CRM,Marketing,95,89,0.4634146341463415,205,292,1.0674157303370786
2024-01-16,mex,web,Canal no identificado,Detalle canal no identificado,110,203,0.5365853658536586,205,292,0.541871921182266
2024-01-16,usa,móvil,Canal no identificado,Detalle canal no identificado,13,282,0.07692307692307693,169,772,0.04609929078014184
2024-01-16,usa,móvil,Other,Referral,121,246,0.7159763313609467,169,772,0.491869918699187
2024-01-16,usa,móvil,Social,twitter,35,244,0.20710059171597633,169,772,0.14344262295081966
2024-01-16,usa,web,Social,newsletter,130,395,1.0,130,395,0.3291139240506329
2024-01-17,can,móvil,Canal no identificado,Detalle canal no identificado,68,232,1.0,68,232,0.29310344827586204
2024-01-17,can,web,Organic,Medium,71,243,1.0,71,243,0.29218106995884774
2024-01-17,esp,móvil,Organic,Medium,36,54,0.34615384615384615,104,113,0.6666666666666666
2024-01-17,esp,móvil,Other,Referral,68,59,0.6538461538461539,104,113,1.152542372881356
2024-01-17,esp,web,Social,twitter,17,95,1.0,17,95,0.17894736842105263
2024-01-17,fra,web,Other,Referral,7,198,0.3888888888888889,18,485,0.03535353535353535
2024-01-17,fra,web,Social,facebook,9,98,0.5,18,485,0.09183673469387756
2024-01-17,fra,web,Social,twitter,2,189,0.1111111111111111,18,485,0.010582010582010581
2024-01-17,ger,web,Canal no identificado,Detalle canal no identificado,39,114,0.3482142857142857,112,328,0.34210526315789475
2024-01-17,ger,web,Other,Referral,73,214,0.6517857142857143,112,328,0.3411214953271028
2024-01-17,jpn,móvil,Organic,Medium,75,203,0.7009345794392523,107,412,0.3694581280788177
2024-01-17,jpn,móvil,Social,twitter,32,209,0.29906542056074764,107,412,0.15311004784688995
2024-01-17,mex,móvil,Canal no identificado,Detalle canal no identificado,82,118,0.6212121212121212,132,240,0.6949152542372882
2024-01-17,mex,móvil,Other,Referral,50,122,0.3787878787878788,132,240,0.4098360655737705
2024-01-17,usa,móvil,Other,Referral,62,67,1.0,62,67,0.9253731343283582
2024-01-18,can,móvil,Canal no identificado,Detalle canal no identificado,78,256,0.3305084745762712,236,604,0.3046875
2024-01-18,can,móvil,Other,Referral,65,223,0.2754237288135593,236,604,0.2914798206278027
2024-01-18,can,móvil,Social,newsletter,93,125,0.3940677966101695,236,604,0.744
2024-01-18,can,web,CRM,Transaccionales,8,232,0.06153846153846154,130,737,0.034482758620689655
2024-01-18,can,web,Canal no identificado,Detalle canal no identificado,74,272,0.5692307692307692,130,737,0.27205882352941174
2024-01-18,can,web,Social,twitter,48,233,0.36923076923076925,130,737,0.20600858369098712
2024-01-18,fra,móvil,Other,Referral,40,155,1.0,40,155,0.25806451612903225
2024-01-18,fra,web,Social,twitter,80,225,1.0,80,225,0.35555555555555557
2024-01-18,ger,web,Social,google,58,245,0.6744186046511628,86,462,0.23673469387755103
2024-01-18,ger,web,Social,newsletter,28,217,0.32558139534883723,86,462,0.12903225806451613
2024-01-18,jpn,móvil,Social,twitter,43,192,1.0,43,192,0.22395833333333334
2024-01-18,mex,móvil,Social,facebook,74,252,1.0,74,252,0.29365079365079366
2024-01-18,mex,web,Organic,Medium,76,293,0.7378640776699029,103,393,0.2593856655290102
2024-01-18,mex,web,Other,Referral,27,100,0.2621359223300971,103,393,0.27
2024-01-18,usa,web,Other,Referral,83,59,1.0,83,59,1.4067796610169492
2024-01-19,can,móvil,Organic,Medium,8,135,0.1095890410958904,73,403,0.05925925925925926
2024-01-19,can,móvil,Other,Referral,65,268,0.8904109589041096,73,403,0.24253731343283583
2024-01-19,esp,móvil,Canal no identificado,Detalle canal no identificado,94,188,1.0,94,188,0.5
2024-01-19,ger,web,Social,google,66,52,1.0,66,52,1.2692307692307692
2024-01-19,jpn,móvil,Canal no identificado,Detalle canal no identificado,9,149,1.0,9,149,0.06040268456375839
2024-01-19,mex,móvil,Organic,Medium,48,146,1.0,48,146,0.3287671232876712
2024-01-19,usa,web,Social,newsletter,9,243,1.0,9,243,0.037037037037037035
2024-01-20,can,web,CRM,Sale,28,290,0.2,140,719,0.09655172413793103
2024-01-20,can,web,Other,Referral,99,162,0.7071428571428572,140,719,0.6111111111111112
2024-01-20,can,web,Social,instagram,13,267,0.09285714285714286,140,719,0.04868913857677903
2024-01-20,esp,móvil,CRM,Marketing,40,164,0.7272727272727273,55,373,0.24390243902439024
2024-01-20,esp,móvil,CRM,Sale,15,209,0.2727272727272727,55,373,0.07177033492822966
2024-01-20,esp,web,Social,facebook,55,124,0.41353383458646614,133,267,0.4435483870967742
2024-01-20,esp,web,Social,instagram,78,143,0.5864661654135338,133,267,0.5454545454545454
2024-01-20,fra,web,Canal no identificado,Detalle canal no identificado,66,109,1.0,66,109,0.6055045871559633
2024-01-20,ger,móvil,Other,Referral,22,113,1.0,22,113,0.19469026548672566
2024-01-20,ger,web,CRM,Marketing,86,177,0.5180722891566265,166,305,0.4858757062146893
2024-01-20,ger,web,Social,instagram,80,128,0.4819277108433735,166,305,0.625
2024-01-20,jpn,móvil,Other,Referral,6,148,1.0,6,148,0.04054054054054054
2024-01-20,mex,móvil,CRM,Marketing,66,270,1.0,66,270,0.24444444444444444
2024-01-20,usa,web,Organic,Medium,86,192,1.0,86,192,0.4479166666666667
2024-01-21,can,web,Other,Referral,83,92,1.0,83,92,0.9021739130434783
2024-01-21,esp,móvil,CRM,Marketing,82,291,0.7735849056603774,106,492,0.281786941580756
2024-01-21,esp,móvil,Social,newsletter,24,201,0.22641509433962265,106,492,0.11940298507462686
2024-01-21,esp,web,Other,Referral,6,287,1.0,6,287,0.020905923344947737
2024-01-21,fra,web,Social,twitter,72,297,1.0,72,297,0.24242424242424243
2024-01-21,ger,móvil,CRM,Sale,89,218,0.7007874015748031,127,710,0.40825688073394495
2024-01-21,ger,móvil,Canal no identificado,Detalle canal no identificado,34,315,0.2677165354330709,127,710,0.10793650793650794
2024-01-21,ger,móvil,Other,Referral,4,177,0.031496062992125984,127,710,0.022598870056497175
2024-01-21,jpn,móvil,CRM,Marketing,63,141,1.0,63,141,0.44680851063829785
2024-01-21,mex,móvil,Organic,Medium,33,244,0.75,44,481,0.13524590163934427
2024-01-21,mex,móvil,Other,Referral,11,237,0.25,44,481,0.046413502109704644
2024-01-21,mex,web,Social,newsletter,69,265,1.0,69,265,0.26037735849056604
2024-01-21,usa,móvil,Organic,Medium,12,187,1.0,12,187,0.06417112299465241
2024-01-21,usa,web,Canal no identificado,Detalle canal no identificado,99,120,0.5210526315789473,190,405,0.825
2024-01-21,usa,web,Other,Referral,91,285,0.4789473684210526,190,405,0.3192982456140351
2024-01-22,can,móvil,CRM,Marketing,93,218,1.0,93,218,0.42660550458715596
2024-01-22,esp,móvil,CRM,Transaccionales,84,275,1.0,84,275,0.3054545454545455
2024-01-22,esp,web,Canal no identificado,Detalle canal no identificado,95,68,0.9223300970873787,103,207,1.3970588235294117
2024-01-22,esp,web,Other,Referral,8,139,0.07766990291262135,103,207,0.05755395683453238
2024-01-22,fra,web,Organic,Medium,19,144,1.0,19,144,0.13194444444444445
2024-01-22,ger,web,CRM,Sale,8,292,1.0,8,292,0.0273972602739726
2024-01-22,mex,móvil,CRM,Sale,78,180,0.8210526315789474,95,388,0.43333333333333335
2024-01-22,mex,móvil,Organic,Medium,17,208,0.17894736842105263,95,388,0.08173076923076923
2024-01-22,usa,móvil,Other,Referral,66,116,1.0,66,116,0.5689655172413793
2024-01-23,can,móvil,CRM,Sale,56,81,1.0,56,81,0.691358024691358
2024-01-23,esp,web,CRM,Sale,35,195,0.30973451327433627,113,345,0.1794871794871795
2024-01-23,esp,web,Canal no identificado,Detalle canal no identificado,78,150,0.6902654867256637,113,345,0.52
2024-01-23,fra,móvil,Social,google,56,63,1.0,56,63,0.8888888888888888
2024-01-23,ger,móvil,CRM,Marketing,8,229,0.058823529411764705,136,1019,0.034934497816593885
2024-01-23,ger,móvil,CRM,Sale,44,306,0.3235294117647059,136,1019,0.1437908496732026
2024-01-23,ger,móvil,Other,Referral,84,484,0.6176470588235294,136,1019,0.17355371900826447
2024-01-23,ger,web,CRM,Transaccionales,25,144,0.23148148148148148,108,298,0.1736111111111111
2024-01-23,ger,web,Organic,Medium,5,78,0.046296296296296294,108,298,0.0641025641025641
2024-01-23,ger,web,Paid,Performance,78,76,0.7222222222222222,108,298,1.0263157894736843
2024-01-23,jpn,móvil,Canal no identificado,Detalle canal no identificado,75,355,0.7009345794392523,107,558,0.2112676056338028
2024-01-23,jpn,móvil,Other,Referral,32,203,0.29906542056074764,107,558,0.15763546798029557
2024-01-23,jpn,web,CRM,Marketing,1,215,0.008928571428571428,112,815,0.004651162790697674
2024-01-23,jpn,web,Organic,Medium,89,288,0.7946428571428571,112,815,0.3090277777777778
2024-01-23,jpn,web,Paid,Comunicacion,21,165,0.1875,112,815,0.12727272727272726
2024-01-23,jpn,web,Social,instagram,1,147,0.008928571428571428,112,815,0.006802721088435374
2024-01-23,mex,móvil,Organic,Medium,19,263,1.0,19,263,0.07224334600760456
2024-01-23,usa,web,Canal no identificado,Detalle canal no identificado,25,112,0.211864406779661,118,589,0.22321428571428573
2024-01-23,usa,web,Paid,Comunicacion,10,223,0.0847457627118644,118,589,0.04484304932735426
2024-01-23,usa,web,Social,facebook,83,254,0.7033898305084746,118,589,0.32677165354330706
2024-01-24,can,web,Organic,Medium,17,188,0.3469387755102041,49,350,0.09042553191489362
2024-01-24,can,web,Social,twitter,32,162,0.6530612244897959,49,350,0.19753086419753085
2024-01-24,esp,web,Canal no identificado,Detalle canal no identificado,29,248,0.23015873015873015,126,532,0.11693548387096774
2024-01-24,esp,web,Other,Referral,97,284,0.7698412698412699,126,532,0.3415492957746479
2024-01-24,fra,móvil,CRM,Transaccionales,80,215,0.4968944099378882,161,487,0.37209302325581395
2024-01-24,fra,móvil,Paid,Comunicacion,81,272,0.5031055900621118,161,487,0.2977941176470588
2024-01-24,fra,web,CRM,Marketing,51,111,1.0,51,111,0.4594594594594595
2024-01-24,jpn,web,Organic,Medium,19,81,1.0,19,81,0.2345679012345679
2024-01-24,mex,móvil,CRM,Sale,84,190,0.6885245901639344,122,430,0.4421052631578947
2024-01-24,mex,móvil,Social,google,38,240,0.3114754098360656,122,430,0.15833333333333333
2024-01-24,mex,web,Social,facebook,11,58,1.0,11,58,0.1896551724137931
2024-01-25,esp,móvil,Canal no identificado,Detalle canal no identificado,41,94,1.0,41,94,0.43617021276595747
2024-01-25,fra,móvil,Social,newsletter,3,283,1.0,3,283,0.01060070671378092
2024-01-25,fra,web,Canal no identificado,Detalle canal no identificado,85,264,1.0,85,264,0.32196969696969696
2024-01-25,ger,móvil,Social,twitter,39,82,1.0,39,82,0.47560975609756095
2024-01-25,ger,web,Social,instagram,18,122,1.0,18,122,0.14754098360655737
2024-01-25,jpn,móvil,CRM,Sale,44,137,1.0,44,137,0.32116788321167883
2024-01-25,jpn,web,Organic,Medium,69,138,1.0,69,138,0.5
2024-01-25,mex,móvil,Social,google,52,126,1.0,52,126,0.4126984126984127
2024-01-25,mex,web,Other,Referral,76,107,1.0,76,107,0.7102803738317757
2024-01-26,can,móvil,CRM,Sale,39,198,1.0,39,198,0.19696969696969696
2024-01-26,can,web,Other,Referral,96,169,1.0,96,169,0.5680473372781065
2024-01-26,esp,móvil,CRM,Transaccionales,18,128,1.0,18,128,0.140625
2024-01-26,fra,móvil,Canal no identificado,Detalle canal no identificado,118,197,1.0,118,197,0.5989847715736041
2024-01-26,fra,web,Canal no identificado,Detalle canal no identificado,34,271,0.4358974358974359,78,423,0.12546125461254612
2024-01-26,fra,web,Social,facebook,44,152,0.5641025641025641,78,423,0.2894736842105263
2024-01-26,ger,web,Canal no identificado,Detalle canal no identificado,94,257,0.49214659685863876,191,704,0.3657587548638132
2024-01-26,ger,web,Social,google,97,447,0.5078534031413613,191,704,0.21700223713646533
2024-01-26,jpn,móvil,Other,Referral,105,201,1.0,105,201,0.5223880597014925
2024-01-26,jpn,web,Other,Referral,87,199,1.0,87,199,0.4371859296482412
2024-01-26,mex,móvil,CRM,Sale,38,114,1.0,38,114,0.3333333333333333
2024-01-26,usa,móvil,CRM,Marketing,94,278,0.5108695652173914,184,566,0.3381294964028777
2024-01-26,usa,móvil,Social,google,90,288,0.4891304347826087,184,566,0.3125
2024-01-27,can,móvil,CRM,Sale,12,211,1.0,12,211,0.05687203791469194
2024-01-27,can,web,Organic,Medium,30,294,1.0,30,294,0.10204081632653061
2024-01-27,fra,móvil,CRM,Sale,36,158,0.5217391304347826,69,284,0.22784810126582278
2024-01-27,fra,móvil,Organic,Medium,33,126,0.4782608695652174,69,284,0.2619047619047619
2024-01-27,ger,móvil,Paid,Comunicacion,58,91,0.6373626373626373,91,303,0.6373626373626373
2024-01-27,ger,móvil,Social,facebook,33,212,0.3626373626373626,91,303,0.15566037735849056
2024-01-27,ger,web,CRM,Marketing,9,250,0.0891089108910891,101,533,0.036
2024-01-27,ger,web,Organic,Medium,92,283,0.9108910891089109,101,533,0.3250883392226148
2024-01-27,jpn,web,Canal no identificado,Detalle canal no identificado,93,85,1.0,93,85,1.0941176470588236
2024-01-27,mex,web,Organic,Medium,52,102,0.4297520661157025,121,455,0.5098039215686274
2024-01-27,mex,web,Social,facebook,15,276,0.12396694214876033,121,455,0.05434782608695652
2024-01-27,mex,web,Social,google,54,77,0.4462809917355372,121,455,0.7012987012987013
2024-01-27,usa,móvil,Canal no identificado,Detalle canal no identificado,71,205,1.0,71,205,0.3463414634146341
2024-01-27,usa,web,Organic,Medium,77,110,1.0,77,110,0.7
2024-01-28,can,web,Social,twitter,81,51,1.0,81,51,1.588235294117647
2024-01-28,esp,móvil,Other,Referral,45,212,1.0,45,212,0.21226415094339623
2024-01-28,esp,web,Social,newsletter,92,290,1.0,92,290,0.31724137931034485
2024-01-28,fra,móvil,Other,Referral,97,216,1.0,97,216,0.44907407407407407
2024-01-28,ger,móvil,Canal no identificado,Detalle canal no identificado,14,215,0.07446808510638298,188,498,0.06511627906976744
2024-01-28,ger,móvil,Organic,Medium,77,156,0.4095744680851064,188,498,0.4935897435897436
2024-01-28,ger,móvil,Other,Referral,97,127,0.5159574468085106,188,498,0.7637795275590551
2024-01-28,jpn,móvil,Organic,Medium,25,77,1.0,25,77,0.3246753246753247
2024-01-28,mex,web,CRM,Sale,37,227,1.0,37,227,0.16299559471365638
2024-01-28,usa,móvil,Social,instagram,3,70,1.0,3,70,0.04285714285714286
2024-01-28,usa,web,Canal no identificado,Detalle canal no identificado,63,112,1.0,63,112,0.5625
2024-01-29,can,móvil,Other,Referral,90,240,1.0,90,240,0.375
2024-01-29,esp,móvil,CRM,Marketing,134,303,0.38953488372093026,344,853,0.44224422442244227
2024-01-29,esp,móvil,CRM,Sale,81,177,0.23546511627906977,344,853,0.4576271186440678
2024-01-29,esp,móvil,Other,Referral,78,199,0.22674418604651161,344,853,0.39195979899497485
2024-01-29,esp,móvil,Social,google,51,174,0.14825581395348839,344,853,0.29310344827586204
2024-01-29,fra,web,Canal no identificado,Detalle canal no identificado,35,159,0.7446808510638298,47,307,0.22012578616352202
2024-01-29,fra,web,Organic,Medium,12,148,0.2553191489361702,47,307,0.08108108108108109
2024-01-29,ger,móvil,Other,Referral,136,427,1.0,136,427,0.3185011709601874
2024-01-29,ger,web,Social,facebook,60,206,1.0,60,206,0.2912621359223301
2024-01-29,mex,móvil,Other,Referral,6,233,1.0,6,233,0.02575107296137339
2024-01-29,mex,web,Other,Referral,53,63,1.0,53,63,0.8412698412698413
2024-01-29,usa,móvil,CRM,Marketing,43,85,0.9555555555555556,45,255,0.5058823529411764
2024-01-29,usa,móvil,Organic,Medium,2,170,0.044444444444444446,45,255,0.011764705882352941
2024-01-29,usa,web,CRM,Marketing,12,295,1.0,12,295,0.04067796610169491
2024-01-30,can,móvil,CRM,Sale,36,152,0.27692307692307694,130,521,0.23684210526315788
2024-01-30,can,móvil,Canal no identificado,Detalle canal no identificado,72,162,0.5538461538461539,130,521,0.4444444444444444
2024-01-30,can,móvil,Other,Referral,22,207,0.16923076923076924,130,521,0.10628019323671498
2024-01-30,fra,web,Social,google,93,255,1.0,93,255,0.36470588235294116
2024-01-30,jpn,móvil,Canal no identificado,Detalle canal no identificado,31,50,0.3563218390804598,87,504,0.62
2024-01-30,jpn,móvil,Other,Referral,1,297,0.011494252873563218,87,504,0.003367003367003367
2024-01-30,jpn,móvil,Social,google,55,157,0.632183908045977,87,504,0.3503184713375796
2024-01-30,mex,móvil,Social,facebook,0,58,0.0,39,305,0.0
2024-01-30,mex,móvil,Social,newsletter,39,247,1.0,39,305,0.15789473684210525
2024-01-31,can,móvil,CRM,Sale,29,188,1.0,29,188,0.15425531914893617
2024-01-31,can,web,Canal no identificado,Detalle canal no identificado,66,233,1.0,66,233,0.2832618025751073
2024-01-31,esp,móvil,CRM,Marketing,38,237,0.3584905660377358,106,687,0.16033755274261605
2024-01-31,esp,móvil,Organic,Medium,68,450,0.6415094339622641,106,687,0.1511111111111111
2024-01-31,esp,web,Other,Referral,110,307,1.0,110,307,0.3583061889250814
2024-01-31,fra,móvil,Organic,Medium,53,235,0.9636363636363636,55,348,0.225531914893617
2024-01-31,fra,móvil,Other,Referral,2,113,0.03636363636363636,55,348,0.017699115044247787
2024-01-31,ger,web,CRM,Sale,13,313,0.05829596412556054,223,907,0.04153354632587859
2024-01-31,ger,web,Canal no identificado,Detalle canal no identificado,58,291,0.2600896860986547,223,907,0.19931271477663232
2024-01-31,ger,web,Organic,Medium,152,303,0.6816143497757847,223,907,0.5016501650165016
2024-01-31,jpn,móvil,Organic,Medium,129,570,0.675392670157068,191,757,0.22631578947368422
2024-01-31,jpn,móvil,Other,Referral,62,187,0.32460732984293195,191,757,0.3315508021390374
2024-01-31,jpn,web,CRM,Sale,82,193,1.0,82,193,0.42487046632124353
2024-01-31,mex,web,CRM,Sale,27,160,0.09060402684563758,298,1018,0.16875
2024-01-31,mex,web,Canal no identificado,Detalle canal no identificado,173,598,0.5805369127516778,298,1018,0.28929765886287623
2024-01-31,mex,web,Paid,Comunicacion,98,260,0.3288590604026846,298,1018,0.3769230769230769
2024-01-31,usa,web,Organic,Medium,44,252,1.0,44,252,0.1746031746031746
2024-02-01,can,web,Canal no identificado,Detalle canal no identificado,60,61,1.0,60,61,0.9836065573770492
2024-02-01,esp,móvil,Organic,Medium,19,190,1.0,19,190,0.1
2024-02-01,esp,web,CRM,Sale,8,147,1.0,8,147,0.05442176870748299
2024-02-01,fra,móvil,CRM,Marketing,90,214,0.5590062111801242,161,430,0.4205607476635514
2024-02-01,fra,móvil,Social,twitter,71,216,0.4409937888198758,161,430,0.3287037037037037
2024-02-01,ger,web,Organic,Medium,59,220,0.5841584158415841,101,386,0.2681818181818182
2024-02-01,ger,web,Social,instagram,42,166,0.4158415841584158,101,386,0.25301204819277107
2024-02-01,jpn,web,CRM,Sale,85,289,1.0,85,289,0.29411764705882354
2024-02-01,usa,móvil,Organic,Medium,63,261,1.0,63,261,0.2413793103448276
2024-02-01,usa,web,CRM,Transaccionales,54,131,1.0,54,131,0.4122137404580153
2024-02-02,fra,móvil,Organic,Medium,42,197,1.0,42,197,0.2131979695431472
2024-02-02,fra,web,Organic,Medium,168,359,1.0,168,359,0.467966573816156
2024-02-02,ger,móvil,CRM,Marketing,98,137,1.0,98,137,0.7153284671532847
2024-02-02,jpn,web,Social,google,138,347,1.0,138,347,0.3976945244956772
2024-02-02,mex,web,CRM,Marketing,31,238,0.29245283018867924,106,430,0.13025210084033614
2024-02-02,mex,web,Other,Referral,75,192,0.7075471698113207,106,430,0.390625
2024-02-02,usa,móvil,CRM,Marketing,59,79,1.0,59,79,0.7468354430379747
2024-02-03,can,web,Organic,Medium,29,198,0.4461538461538462,65,650,0.14646464646464646
2024-02-03,can,web,Other,Referral,23,182,0.35384615384615387,65,650,0.12637362637362637
2024-02-03,can,web,Paid,Comunicacion,13,270,0.2,65,650,0.04814814814814815
2024-02-03,esp,web,Other,Referral,31,283,1.0,31,283,0.10954063604240283
2024-02-03,ger,móvil,Social,facebook,76,102,1.0,76,102,0.7450980392156863
2024-02-03,jpn,móvil,Canal no identificado,Detalle canal no identificado,88,261,1.0,88,261,0.3371647509578544
2024-02-03,jpn,web,Other,Referral,54,199,1.0,54,199,0.271356783919598
2024-02-03,mex,web,Social,instagram,36,55,0.28125,128,198,0.6545454545454545
2024-02-03,mex,web,Social,twitter,92,143,0.71875,128,198,0.6433566433566433
2024-02-03,usa,móvil,Canal no identificado,Detalle canal no identificado,121,475,0.5817307692307693,208,612,0.25473684210526315
2024-02-03,usa,móvil,Social,newsletter,87,137,0.4182692307692308,208,612,0.635036496350365
2024-02-03,usa,web,Other,Referral,29,188,0.5272727272727272,55,404,0.15425531914893617
2024-02-03,usa,web,Social,newsletter,26,216,0.4727272727272727,55,404,0.12037037037037036
2024-02-04,can,web,CRM,Sale,81,291,0.45,180,421,0.27835051546391754
2024-02-04,can,web,Organic,Medium,99,130,0.55,180,421,0.7615384615384615
2024-02-04,esp,web,CRM,Sale,18,127,1.0,18,127,0.14173228346456693
2024-02-04,jpn,web,Social,google,28,102,1.0,28,102,0.27450980392156865
2024-02-04,mex,móvil,CRM,Marketing,48,145,0.8421052631578947,57,408,0.3310344827586207
2024-02-04,mex,móvil,Paid,Comunicacion,9,263,0.15789473684210525,57,408,0.034220532319391636
2024-02-04,mex,web,Organic,Medium,10,153,1.0,10,153,0.06535947712418301
2024-02-04,usa,web,Canal no identificado,Detalle canal no identificado,29,220,1.0,29,512,0.1318181818181818
2024-02-04,usa,web,Social,newsletter,0,292,0.0,29,512,0.0
2024-02-05,can,móvil,Other,Referral,25,139,1.0,25,139,0.17985611510791366
2024-02-05,esp,móvil,CRM,Transaccionales,65,217,1.0,65,217,0.2995391705069124
2024-02-05,ger,web,Canal no identificado,Detalle canal no identificado,38,118,0.5507246376811594,69,416,0.3220338983050847
2024-02-05,ger,web,Other,Referral,31,298,0.4492753623188406,69,416,0.1040268456375839
2024-02-05,jpn,móvil,Other,Referral,64,247,1.0,64,247,0.2591093117408907
2024-02-05,jpn,web,Organic,Medium,28,270,0.3181818181818182,88,355,0.1037037037037037
2024-02-05,jpn,web,Social,facebook,60,85,0.6818181818181818,88,355,0.7058823529411765
2024-02-05,usa,móvil,Paid,Comunicacion,16,215,1.0,16,215,0.07441860465116279
2024-02-06,can,móvil,Organic,Medium,28,70,1.0,28,70,0.4
2024-02-06,esp,móvil,Canal no identificado,Detalle canal no identificado,118,483,0.9516129032258065,124,690,0.2443064182194617
2024-02-06,esp,móvil,Social,facebook,6,207,0.04838709677419355,124,690,0.028985507246376812
2024-02-06,esp,web,Other,Referral,38,68,1.0,38,68,0.5588235294117647
2024-02-06,ger,móvil,Canal no identificado,Detalle canal no identificado,27,148,0.21774193548387097,124,456,0.18243243243243243
2024-02-06,ger,móvil,Other,Referral,50,204,0.4032258064516129,124,456,0.24509803921568626
2024-02-06,ger,móvil,Social,newsletter,47,104,0.3790322580645161,124,456,0.4519230769230769
2024-02-06,ger,web,Organic,Medium,32,122,0.25196850393700787,127,262,0.26229508196721313
2024-02-06,ger,web,Social,facebook,95,140,0.7480314960629921,127,262,0.6785714285714286
2024-02-06,jpn,móvil,Other,Referral,134,386,1.0,134,386,0.3471502590673575
2024-02-06,mex,web,Organic,Medium,51,239,0.53125,96,377,0.21338912133891214
2024-02-06,mex,web,Paid,Comunicacion,45,138,0.46875,96,377,0.32608695652173914
2024-02-06,usa,web,Organic,Medium,66,267,1.0,66,267,0.24719101123595505
2024-02-07,can,móvil,Organic,Medium,6,83,1.0,6,83,0.07228915662650602
2024-02-07,can,web,CRM,Marketing,82,299,0.8723404255319149,94,588,0.27424749163879597
2024-02-07,can,web,Canal no identificado,Detalle canal no identificado,10,118,0.10638297872340426,94,588,0.0847457627118644
2024-02-07,can,web,Other,Referral,2,171,0.02127659574468085,94,588,0.011695906432748537
2024-02-07,esp,web,CRM,Sale,88,291,0.946236559139785,93,586,0.3024054982817869
2024-02-07,esp,web,Canal no identificado,Detalle canal no identificado,5,295,0.053763440860215055,93,586,0.01694915254237288
2024-02-07,fra,móvil,Other,Referral,78,297,1.0,78,297,0.26262626262626265
2024-02-07,fra,web,CRM,Transaccionales,1,60,0.030303030303030304,33,302,0.016666666666666666
2024-02-07,fra,web,Canal no identificado,Detalle canal no identificado,32,242,0.9696969696969697,33,302,0.1322314049586777
2024-02-07,ger,web,Other,Referral,11,181,1.0,11,181,0.06077348066298342
2024-02-07,jpn,móvil,Organic,Medium,56,298,1.0,56,298,0.18791946308724833
2024-02-07,jpn,web,Organic,Medium,62,171,1.0,62,171,0.36257309941520466
2024-02-07,mex,móvil,Other,Referral,33,275,1.0,33,275,0.12
2024-02-07,mex,web,Other,Referral,91,293,1.0,91,293,0.310580204778157
2024-02-08,can,web,CRM,Sale,27,201,1.0,27,201,0.13432835820895522
2024-02-08,esp,web,Social,facebook,63,130,1.0,63,130,0.4846153846153846
2024-02-08,fra,móvil,Organic,Medium,18,101,1.0,18,101,0.1782178217821782
2024-02-08,fra,web,Canal no identificado,Detalle canal no identificado,17,194,1.0,17,194,0.08762886597938144
2024-02-08,ger,móvil,Organic,Medium,74,234,1.0,74,234,0.3162393162393162
2024-02-08,ger,web,Social,newsletter,67,133,1.0,67,133,0.5037593984962406
2024-02-08,jpn,móvil,Social,google,98,176,1.0,98,176,0.5568181818181818
2024-02-08,mex,web,CRM,Marketing,86,132,0.3722943722943723,231,419,0.6515151515151515
2024-02-08,mex,web,CRM,Sale,145,287,0.6277056277056277,231,419,0.5052264808362369
2024-02-08,usa,móvil,Organic,Medium,26,138,0.28888888888888886,90,461,0.18840579710144928
2024-02-08,usa,móvil,Other,Referral,64,323,0.7111111111111111,90,461,0.19814241486068113
2024-02-08,usa,web,Social,newsletter,72,180,1.0,72,180,0.4
2024-02-09,can,móvil,Canal no identificado,Detalle canal no identificado,37,53,1.0,37,53,0.6981132075471698
2024-02-09,esp,web,Other,Referral,68,217,1.0,68,217,0.31336405529953915
2024-02-09,fra,móvil,CRM,Marketing,5,208,0.16129032258064516,31,410,0.02403846153846154
2024-02-09,fra,móvil,Social,twitter,26,202,0.8387096774193549,31,410,0.12871287128712872
2024-02-09,ger,móvil,CRM,Sale,27,185,1.0,27,185,0.14594594594594595
2024-02-09,ger,web,Paid,Comunicacion,30,291,1.0,30,291,0.10309278350515463
2024-02-09,mex,móvil,Canal no identificado,Detalle canal no identificado,12,102,1.0,12,102,0.11764705882352941
2024-02-09,mex,web,Social,newsletter,63,112,1.0,63,112,0.5625
2024-02-09,usa,móvil,CRM,Transaccionales,84,184,0.2727272727272727,308,759,0.45652173913043476
2024-02-09,usa,móvil,Canal no identificado,Detalle canal no identificado,0,114,0.0,308,759,0.0
2024-02-09,usa,móvil,Organic,Medium,52,179,0.16883116883116883,308,759,0.2905027932960894
2024-02-09,usa,móvil,Other,Referral,83,203,0.2694805194805195,308,759,0.4088669950738916
2024-02-09,usa,móvil,Social,google,89,79,0.288961038961039,308,759,1.1265822784810127
2024-02-09,usa,web,CRM,Sale,72,153,0.35467980295566504,203,825,0.47058823529411764
2024-02-09,usa,web,Canal no identificado,Detalle canal no identificado,60,126,0.2955665024630542,203,825,0.47619047619047616
2024-02-09,usa,web,Organic,Medium,7,252,0.034482758620689655,203,825,0.027777777777777776
2024-02-09,usa,web,Social,google,64,294,0.31527093596059114,203,825,0.21768707482993196
2024-02-10,esp,web,Other,Referral,98,140,0.6363636363636364,154,323,0.7
2024-02-10,esp,web,Social,google,56,183,0.36363636363636365,154,323,0.30601092896174864
2024-02-10,fra,web,Other,Referral,65,205,0.6190476190476191,105,497,0.3170731707317073
2024-02-10,fra,web,Social,facebook,40,292,0.38095238095238093,105,497,0.136986301369863
2024-02-10,jpn,web,CRM,Marketing,33,241,1.0,33,241,0.13692946058091288
2024-02-10,mex,móvil,Organic,Medium,54,193,0.421875,128,467,0.27979274611398963
2024-02-10,mex,móvil,Social,twitter,74,274,0.578125,128,467,0.27007299270072993
2024-02-10,mex,web,CRM,Sale,26,133,1.0,26,133,0.19548872180451127
2024-02-10,usa,móvil,Canal no identificado,Detalle canal no identificado,42,264,0.3888888888888889,108,377,0.1590909090909091
2024-02-10,usa,móvil,Other,Referral,66,113,0.6111111111111112,108,377,0.584070796460177
2024-02-10,usa,web,CRM,Marketing,88,299,0.946236559139785,93,442,0.29431438127090304
2024-02-10,usa,web,CRM,Sale,5,143,0.053763440860215055,93,442,0.03496503496503497
2024-02-11,can,móvil,CRM,Marketing,25,276,0.352112676056338,71,385,0.09057971014492754
2024-02-11,can,móvil,Organic,Medium,46,109,0.647887323943662,71,385,0.42201834862385323
2024-02-11,can,web,Organic,Medium,41,297,1.0,41,297,0.13804713804713806
2024-02-11,esp,web,Social,facebook,3,158,1.0,3,158,0.0189873417721519
2024-02-11,fra,móvil,Canal no identificado,Detalle canal no identificado,98,154,1.0,98,154,0.6363636363636364
2024-02-11,fra,web,Canal no identificado,Detalle canal no identificado,74,285,0.39361702127659576,188,491,0.2596491228070175
2024-02-11,fra,web,Organic,Medium,30,76,0.1595744680851064,188,491,0.39473684210526316
2024-02-11,fra,web,Paid,Comunicacion,84,130,0.44680851063829785,188,491,0.6461538461538462
2024-02-11,ger,web,CRM,Marketing,53,55,1.0,53,55,0.9636363636363636
2024-02-11,jpn,móvil,Social,facebook,59,133,1.0,59,133,0.44360902255639095
2024-02-11,jpn,web,CRM,Sale,24,134,1.0,24,134,0.1791044776119403
2024-02-11,mex,móvil,Other,Referral,74,180,1.0,74,180,0.4111111111111111
2024-02-11,mex,web,Organic,Medium,32,294,0.8648648648648649,37,400,0.10884353741496598
2024-02-11,mex,web,Other,Referral,5,106,0.13513513513513514,37,400,0.04716981132075472
2024-02-11,usa,móvil,CRM,Sale,47,96,1.0,47,96,0.4895833333333333
2024-02-12,can,móvil,Social,google,54,259,0.8059701492537313,67,309,0.2084942084942085
2024-02-12,can,móvil,Social,twitter,13,50,0.19402985074626866,67,309,0.26
2024-02-12,can,web,Social,twitter,25,234,1.0,25,234,0.10683760683760683
2024-02-12,esp,móvil,Other,Referral,58,232,1.0,58,232,0.25
2024-02-12,fra,móvil,Other,Referral,72,265,1.0,72,265,0.27169811320754716
2024-02-12,ger,web,Organic,Medium,8,187,1.0,8,187,0.0427807486631016
2024-02-12,jpn,móvil,Canal no identificado,Detalle canal no identificado,27,210,1.0,27,210,0.12857142857142856
2024-02-12,mex,móvil,Social,google,95,173,1.0,95,173,0.5491329479768786
2024-02-12,mex,web,Other,Referral,79,262,1.0,79,262,0.3015267175572519
2024-02-13,esp,móvil,Organic,Medium,0,107,0.0,4,391,0.0
2024-02-13,esp,móvil,Other,Referral,4,284,1.0,4,391,0.014084507042253521
2024-02-13,esp,web,CRM,Sale,90,263,1.0,90,263,0.34220532319391633
2024-02-13,ger,móvil,Organic,Medium,63,113,1.0,63,113,0.5575221238938053
2024-02-13,ger,web,Organic,Medium,74,111,1.0,74,111,0.6666666666666666
2024-02-13,jpn,web,CRM,Marketing,17,66,1.0,17,66,0.25757575757575757
2024-02-13,mex,móvil,Canal no identificado,Detalle canal no identificado,33,247,1.0,33,247,0.13360323886639677
2024-02-13,mex,web,CRM,Transaccionales,59,61,1.0,59,61,0.9672131147540983
2024-02-13,usa,móvil,Other,Referral,77,263,1.0,77,263,0.29277566539923955
2024-02-13,usa,web,CRM,Marketing,86,125,0.9052631578947369,95,348,0.688
2024-02-13,usa,web,Organic,Medium,9,223,0.09473684210526316,95,348,0.04035874439461883
2024-02-14,can,web,Canal no identificado,Detalle canal no identificado,89,234,1.0,89,234,0.3803418803418803
2024-02-14,esp,móvil,Organic,Medium,63,228,0.2669491525423729,236,767,0.27631578947368424
2024-02-14,esp,móvil,Other,Referral,86,293,0.3644067796610169,236,767,0.2935153583617747
2024-02-14,esp,móvil,Social,twitter,87,246,0.3686440677966102,236,767,0.35365853658536583
2024-02-14,esp,web,CRM,Sale,33,168,0.3,110,699,0.19642857142857142
2024-02-14,esp,web,Canal no identificado,Detalle canal no identificado,73,254,0.6636363636363637,110,699,0.2874015748031496
2024-02-14,esp,web,Other,Referral,4,277,0.03636363636363636,110,699,0.01444043321299639
2024-02-14,fra,web,CRM,Marketing,38,199,1.0,38,199,0.19095477386934673
2024-02-14,ger,móvil,Organic,Medium,21,109,0.19811320754716982,106,322,0.1926605504587156
2024-02-14,ger,móvil,Social,instagram,85,213,0.8018867924528302,106,322,0.39906103286384975
2024-02-14,jpn,móvil,CRM,Transaccionales,66,244,0.6470588235294118,102,530,0.27049180327868855
2024-02-14,jpn,móvil,Social,instagram,36,286,0.35294117647058826,102,530,0.1258741258741259
2024-02-14,mex,móvil,CRM,Marketing,85,275,1.0,85,275,0.3090909090909091
2024-02-14,mex,web,Social,twitter,16,169,1.0,16,169,0.09467455621301775
2024-02-14,usa,móvil,Canal no identificado,Detalle canal no identificado,36,175,1.0,36,175,0.2057142857142857
2024-02-14,usa,web,Social,instagram,39,253,1.0,39,253,0.1541501976284585
2024-02-15,esp,móvil,Canal no identificado,Detalle canal no identificado,34,80,1.0,34,80,0.425
2024-02-15,fra,móvil,Social,google,1,156,1.0,1,156,0.00641025641025641
2024-02-15,ger,móvil,Organic,Medium,94,74,0.8468468468468469,111,222,1.2702702702702702
2024-02-15,ger,móvil,Social,newsletter,17,148,0.15315315315315314,111,222,0.11486486486486487
2024-02-15,mex,web,CRM,Marketing,52,173,1.0,52,173,0.30057803468208094
2024-02-15,usa,web,CRM,Transaccionales,95,109,1.0,95,109,0.8715596330275229
2024-02-16,fra,web,Canal no identificado,Detalle canal no identificado,76,223,0.5277777777777778,144,363,0.34080717488789236
2024-02-16,fra,web,Social,twitter,68,140,0.4722222222222222,144,363,0.4857142857142857
2024-02-16,ger,web,Canal no identificado,Detalle canal no identificado,8,149,0.11594202898550725,69,351,0.053691275167785234
2024-02-16,ger,web,Social,instagram,61,202,0.8840579710144928,69,351,0.30198019801980197
2024-02-16,jpn,web,CRM,Marketing,75,120,0.4807692307692308,156,331,0.625
2024-02-16,jpn,web,Canal no identificado,Detalle canal no identificado,81,211,0.5192307692307693,156,331,0.38388625592417064
2024-02-16,mex,móvil,Canal no identificado,Detalle canal no identificado,89,238,0.967391304347826,92,338,0.3739495798319328
2024-02-16,mex,móvil,Social,instagram,3,100,0.03260869565217391,92,338,0.03
2024-02-16,usa,móvil,Other,Referral,55,134,1.0,55,134,0.41044776119402987
2024-02-17,can,móvil,Other,Referral,91,117,0.6319444444444444,144,386,0.7777777777777778
2024-02-17,can,móvil,Social,google,53,269,0.3680555555555556,144,386,0.1970260223048327
2024-02-17,can,web,Other,Referral,28,69,0.5833333333333334,48,129,0.4057971014492754
2024-02-17,can,web,Social,newsletter,20,60,0.4166666666666667,48,129,0.3333333333333333
2024-02-17,esp,móvil,CRM,Sale,84,88,0.4117647058823529,204,336,0.9545454545454546
2024-02-17,esp,móvil,Other,Referral,91,182,0.44607843137254904,204,336,0.5
2024-02-17,esp,móvil,Social,google,29,66,0.14215686274509803,204,336,0.4393939393939394
2024-02-17,esp,web,Canal no identificado,Detalle canal no identificado,47,466,0.6527777777777778,72,539,0.10085836909871244
2024-02-17,esp,web,Other,Referral,25,73,0.3472222222222222,72,539,0.3424657534246575
2024-02-17,fra,móvil,CRM,Marketing,40,152,0.26666666666666666,150,303,0.2631578947368421
2024-02-17,fra,móvil,Organic,Medium,30,74,0.2,150,303,0.40540540540540543
2024-02-17,fra,móvil,Other,Referral,80,77,0.5333333333333333,150,303,1.0389610389610389
2024-02-17,ger,web,Organic,Medium,61,275,1.0,61,275,0.22181818181818183
2024-02-17,jpn,móvil,CRM,Sale,80,188,0.6557377049180327,122,407,0.425531914893617
2024-02-17,jpn,móvil,Canal no identificado,Detalle canal no identificado,42,219,0.3442622950819672,122,407,0.1917808219178082
2024-02-17,mex,móvil,CRM,Marketing,51,159,0.3722627737226277,137,632,0.32075471698113206
2024-02-17,mex,móvil,CRM,Transaccionales,68,289,0.49635036496350365,137,632,0.23529411764705882
2024-02-17,mex,móvil,Organic,Medium,18,184,0.13138686131386862,137,632,0.09782608695652174
2024-02-17,usa,móvil,Social,twitter,5,238,1.0,5,238,0.02100840336134454
2024-02-17,usa,web,CRM,Sale,8,158,1.0,8,158,0.05063291139240506
2024-02-18,can,móvil,Canal no identificado,Detalle canal no identificado,72,163,0.549618320610687,131,489,0.44171779141104295
2024-02-18,can,móvil,Organic,Medium,28,71,0.21374045801526717,131,489,0.39436619718309857
2024-02-18,can,móvil,Social,twitter,31,255,0.2366412213740458,131,489,0.12156862745098039
2024-02-18,can,web,Organic,Medium,153,308,0.9161676646706587,167,581,0.4967532467532468
2024-02-18,can,web,Other,Referral,14,273,0.08383233532934131,167,581,0.05128205128205128
2024-02-18,esp,móvil,CRM,Sale,97,222,0.751937984496124,129,375,0.4369369369369369
2024-02-18,esp,móvil,Other,Referral,32,153,0.24806201550387597,129,375,0.20915032679738563
2024-02-18,ger,móvil,CRM,Sale,73,291,1.0,73,291,0.2508591065292096
2024-02-18,ger,web,CRM,Marketing,23,145,0.2839506172839506,81,261,0.15862068965517243
2024-02-18,ger,web,Other,Referral,58,116,0.7160493827160493,81,261,0.5
2024-02-18,jpn,móvil,Other,Referral,95,281,1.0,95,281,0.33807829181494664
2024-02-18,jpn,web,CRM,Sale,48,128,0.41379310344827586,116,370,0.375
2024-02-18,jpn,web,Canal no identificado,Detalle canal no identificado,38,64,0.3275862068965517,116,370,0.59375
2024-02-18,jpn,web,Social,google,30,178,0.25862068965517243,116,370,0.16853932584269662
2024-02-18,mex,móvil,Social,facebook,8,282,0.08163265306122448,98,350,0.028368794326241134
2024-02-18,mex,móvil,Social,newsletter,90,68,0.9183673469387755,98,350,1.3235294117647058
2024-02-19,can,móvil,Canal no identificado,Detalle canal no identificado,99,216,1.0,99,216,0.4583333333333333
2024-02-19,esp,móvil,Social,facebook,24,132,1.0,24,132,0.18181818181818182
2024-02-19,esp,web,Organic,Medium,94,214,1.0,94,214,0.4392523364485981
2024-02-19,fra,web,Other,Referral,10,57,1.0,10,57,0.17543859649122806
2024-02-19,jpn,móvil,Canal no identificado,Detalle canal no identificado,69,212,1.0,69,372,0.32547169811320753
2024-02-19,jpn,móvil,Organic,Medium,0,160,0.0,69,372,0.0
2024-02-19,mex,móvil,Social,facebook,36,138,1.0,36,138,0.2608695652173913
2024-02-19,usa,móvil,Social,twitter,59,295,1.0,59,295,0.2
2024-02-20,can,web,CRM,Marketing,40,150,1.0,40,150,0.26666666666666666
2024-02-20,esp,móvil,Canal no identificado,Detalle canal no identificado,80,75,1.0,80,75,1.0666666666666667
2024-02-20,fra,móvil,Canal no identificado,Detalle canal no identificado,9,293,0.060810810810810814,148,850,0.030716723549488054
2024-02-20,fra,móvil,Organic,Medium,87,502,0.5878378378378378,148,850,0.17330677290836655
2024-02-20,fra,móvil,Other,Referral,52,55,0.35135135135135137,148,850,0.9454545454545454
2024-02-20,fra,web,CRM,Transaccionales,94,184,0.7121212121212122,132,439,0.5108695652173914
2024-02-20,fra,web,Organic,Medium,38,255,0.2878787878787879,132,439,0.14901960784313725
2024-02-20,ger,web,Organic,Medium,16,257,1.0,16,257,0.0622568093385214
2024-02-20,jpn,móvil,Social,google,79,66,1.0,79,66,1.196969696969697
2024-02-20,mex,móvil,Social,facebook,37,267,1.0,37,267,0.13857677902621723
