fecha,mercado,tipo_aplicacion,revenue,transacciones_real,canal,canal_detail,transacciones_ga,sesiones_ga,peso_canal,total_transacciones_ga,total_sesiones_ga,ratio_conversion_ga,revenue_distribuido,ratio_conversion_real
2024-01-01,can,web,1760,22,Canal no identificado,Detalle canal no identificado,28,66,0.14285714285714285,196,356,0.42424242424242425,251.42857142857142,0.3333333333333333
2024-01-01,can,web,1760,22,Other,referral,69,72,0.3520408163265306,196,356,0.9583333333333334,619.5918367346939,0.3055555555555556
2024-01-01,can,web,1760,22,Social,google,99,218,0.5051020408163265,196,356,0.4541284403669725,888.9795918367346,0.10091743119266056
2024-01-01,esp,móvil,3276,36,Organic,medium,92,236,0.8070175438596491,114,401,0.3898305084745763,2643.7894736842104,0.15254237288135594
2024-01-01,esp,móvil,3276,36,Other,referral,22,165,0.19298245614035087,114,401,0.13333333333333333,632.2105263157895,0.21818181818181817
2024-01-01,esp,web,7098,78,CRM,sale,54,255,0.22131147540983606,244,560,0.21176470588235294,1570.8688524590164,0.3058823529411765
2024-01-01,esp,web,7098,78,Organic,medium,94,101,0.38524590163934425,244,560,0.9306930693069307,2734.4754098360654,0.7722772277227723
2024-01-01,esp,web,7098,78,Social,newsletter,96,204,0.39344262295081966,244,560,0.47058823529411764,2792.655737704918,0.38235294117647056
2024-01-01,fra,móvil,11583,143,CRM,marketing,2,250,1.0,2,250,0.008,11583.0,0.572
2024-01-01,ger,móvil,12420,138,CRM,marketing,26,216,0.23423423423423423,111,404,0.12037037037037036,2909.189189189189,0.6388888888888888
2024-01-01,ger,móvil,12420,138,Paid,Comunicacion,13,100,0.11711711711711711,111,404,0.13,1454.5945945945946,1.38
2024-01-01,ger,móvil,12420,138,Social,google,72,88,0.6486486486486487,111,404,0.8181818181818182,8056.216216216217,1.5681818181818181
2024-01-01,ger,web,400,5,Canal no identificado,Detalle canal no identificado,2,75,0.024390243902439025,82,495,0.02666666666666667,9.75609756097561,0.06666666666666667
2024-01-01,ger,web,400,5,Other,referral,80,420,0.975609756097561,82,495,0.19047619047619047,390.2439024390244,0.011904761904761904
2024-01-02,can,web,5376,64,Canal no identificado,Detalle canal no identificado,25,84,1.0,25,84,0.2976190476190476,5376.0,0.7619047619047619
2024-01-02,esp,móvil,7743,87,CRM,sale,90,118,0.7258064516129032,124,247,0.7627118644067796,5619.91935483871,0.7372881355932204
2024-01-02,esp,móvil,7743,87,Paid,Comunicacion,34,129,0.27419354838709675,124,247,0.26356589147286824,2123.0806451612902,0.6744186046511628
2024-01-02,esp,web,12376,136,Social,facebook,96,284,1.0,96,284,0.3380281690140845,12376.0,0.4788732394366197
2024-01-02,jpn,móvil,4872,56,Organic,medium,84,243,1.0,84,243,0.345679012345679,4872.0,0.23045267489711935
2024-01-02,jpn,web,760,8,Other,referral,29,223,1.0,29,223,0.13004484304932734,760.0,0.03587443946188341
2024-01-02,mex,móvil,7650,85,CRM,marketing,21,191,0.09813084112149532,214,542,0.1099476439790576,750.7009345794393,0.44502617801047123
2024-01-02,mex,móvil,7650,85,Organic,medium,193,351,0.9018691588785047,214,542,0.5498575498575499,6899.299065420561,0.24216524216524216
2024-01-02,usa,móvil,8342,97,Canal no identificado,Detalle canal no identificado,83,295,1.0,83,295,0.28135593220338984,8342.0,0.3288135593220339
2024-01-03,can,web,6298,67,CRM,marketing,95,60,1.0,95,60,1.5833333333333333,6298.0,1.1166666666666667
2024-01-03,esp,móvil,4897,59,Other,referral,15,66,1.0,15,66,0.22727272727272727,4897.0,0.8939393939393939
2024-01-03,fra,móvil,10353,119,Canal no identificado,Detalle canal no identificado,6,271,1.0,6,271,0.02214022140221402,10353.0,0.43911439114391143
2024-01-03,fra,web,10004,122,CRM,sale,86,247,0.7288135593220338,118,469,0.3481781376518219,7291.050847457626,0.4939271255060729
2024-01-03,fra,web,10004,122,Canal no identificado,Detalle canal no identificado,32,222,0.2711864406779661,118,469,0.14414414414414414,2712.9491525423728,0.5495495495495496
2024-01-03,ger,móvil,11583,143,Other,referral,88,267,1.0,88,267,0.3295880149812734,11583.0,0.5355805243445693
2024-01-03,ger,web,1392,16,CRM,transaccionales,71,264,0.5725806451612904,124,521,0.2689393939393939,797.0322580645162,0.06060606060606061
2024-01-03,ger,web,1392,16,Organic,medium,53,257,0.4274193548387097,124,521,0.20622568093385213,594.9677419354839,0.0622568093385214
2024-01-03,jpn,móvil,1476,18,CRM,transaccionales,2,57,1.0,2,57,0.03508771929824561,1476.0,0.3157894736842105
2024-01-03,jpn,web,8280,92,Other,referral,67,157,1.0,67,157,0.4267515923566879,8280.0,0.5859872611464968
2024-01-03,mex,web,8277,93,Organic,medium,79,212,1.0,79,212,0.37264150943396224,8277.0,0.4386792452830189
2024-01-03,usa,web,10735,113,CRM,marketing,76,87,1.0,76,87,0.8735632183908046,10735.0,1.2988505747126438
2024-01-04,can,móvil,4611,53,Organic,medium,95,65,1.0,95,65,1.4615384615384615,4611.0,0.8153846153846154
2024-01-04,esp,móvil,6365,67,Paid,Comunicacion,26,225,0.4406779661016949,59,476,0.11555555555555555,2804.915254237288,0.29777777777777775
2024-01-04,esp,móvil,6365,67,Social,newsletter,33,251,0.559322033898305,59,476,0.13147410358565736,3560.0847457627115,0.26693227091633465
2024-01-04,esp,web,4224,48,Canal no identificado,Detalle canal no identificado,93,272,0.5670731707317073,164,438,0.34191176470588236,2395.3170731707314,0.17647058823529413
2024-01-04,esp,web,4224,48,Social,facebook,5,92,0.03048780487804878,164,438,0.05434782608695652,128.78048780487805,0.5217391304347826
2024-01-04,esp,web,4224,48,Social,twitter,66,74,0.4024390243902439,164,438,0.8918918918918919,1699.9024390243903,0.6486486486486487
2024-01-04,fra,móvil,2256,24,Organic,medium,46,127,1.0,46,127,0.36220472440944884,2256.0,0.1889763779527559
2024-01-04,fra,web,640,8,CRM,transaccionales,50,197,0.352112676056338,142,429,0.25380710659898476,225.35211267605632,0.04060913705583756
2024-01-04,fra,web,640,8,Organic,medium,92,232,0.647887323943662,142,429,0.39655172413793105,414.6478873239437,0.034482758620689655
2024-01-04,ger,móvil,11997,129,CRM,marketing,37,183,0.3008130081300813,123,374,0.20218579234972678,3608.8536585365855,0.7049180327868853
2024-01-04,ger,móvil,11997,129,Social,twitter,86,191,0.6991869918699187,123,374,0.450261780104712,8388.146341463415,0.675392670157068
2024-01-04,ger,web,8272,88,Organic,medium,0,164,1.0,0,164,0.0,8272.0,0.5365853658536586
2024-01-04,jpn,móvil,9720,120,CRM,marketing,7,271,0.08333333333333333,84,351,0.025830258302583026,810.0,0.44280442804428044
2024-01-04,jpn,móvil,9720,120,Social,instagram,77,80,0.9166666666666666,84,351,0.9625,8910.0,1.5
2024-01-04,jpn,web,7470,90,CRM,sale,80,109,0.5882352941176471,136,283,0.7339449541284404,4394.117647058823,0.8256880733944955
2024-01-04,jpn,web,7470,90,Organic,medium,56,174,0.4117647058823529,136,283,0.3218390804597701,3075.882352941176,0.5172413793103449
2024-01-04,mex,móvil,9794,118,Canal no identificado,Detalle canal no identificado,32,66,0.8648648648648649,37,303,0.48484848484848486,8470.486486486487,1.7878787878787878
2024-01-04,mex,móvil,9794,118,Organic,medium,5,237,0.13513513513513514,37,303,0.02109704641350211,1323.5135135135135,0.4978902953586498
2024-01-04,mex,web,4465,47,Social,twitter,7,94,1.0,7,94,0.07446808510638298,4465.0,0.5
2024-01-04,usa,web,9200,100,CRM,transaccionales,95,69,0.5397727272727273,176,435,1.3768115942028984,4965.909090909091,1.4492753623188406
2024-01-04,usa,web,9200,100,Organic,medium,81,366,0.4602272727272727,176,435,0.22131147540983606,4234.090909090909,0.273224043715847
2024-01-05,can,móvil,4240,53,CRM,sale,50,264,0.25125628140703515,199,746,0.1893939393939394,1065.326633165829,0.20075757575757575
2024-01-05,can,móvil,4240,53,Organic,medium,85,285,0.4271356783919598,199,746,0.2982456140350877,1811.0552763819096,0.18596491228070175
2024-01-05,can,móvil,4240,53,Social,facebook,64,197,0.32160804020100503,199,746,0.3248730964467005,1363.6180904522614,0.26903553299492383
2024-01-05,can,web,2236,26,CRM,transaccionales,39,248,1.0,39,520,0.15725806451612903,2236.0,0.10483870967741936
2024-01-05,can,web,2236,26,Social,google,0,272,0.0,39,520,0.0,0.0,0.09558823529411764
2024-01-05,esp,web,760,8,CRM,marketing,0,115,0.0,65,273,0.0,0.0,0.06956521739130435
2024-01-05,esp,web,760,8,Canal no identificado,Detalle canal no identificado,65,158,1.0,65,273,0.41139240506329117,760.0,0.05063291139240506
2024-01-05,fra,móvil,12555,135,CRM,sale,71,180,1.0,71,180,0.39444444444444443,12555.0,0.75
2024-01-05,jpn,móvil,2960,37,Social,newsletter,76,96,1.0,76,96,0.7916666666666666,2960.0,0.3854166666666667
2024-01-05,mex,móvil,12267,141,CRM,marketing,18,55,1.0,18,55,0.32727272727272727,12267.0,2.5636363636363635
2024-01-05,mex,web,2136,24,Canal no identificado,Detalle canal no identificado,37,263,0.3217391304347826,115,516,0.14068441064638784,687.2347826086956,0.09125475285171103
2024-01-05,mex,web,2136,24,Social,twitter,78,253,0.6782608695652174,115,516,0.308300395256917,1448.7652173913043,0.09486166007905138
2024-01-05,usa,móvil,5096,56,Canal no identificado,Detalle canal no identificado,71,113,0.45806451612903226,155,289,0.6283185840707964,2334.2967741935486,0.49557522123893805
2024-01-05,usa,móvil,5096,56,Organic,medium,19,66,0.12258064516129032,155,289,0.2878787878787879,624.6709677419354,0.8484848484848485
2024-01-05,usa,móvil,5096,56,Social,twitter,65,110,0.41935483870967744,155,289,0.5909090909090909,2137.032258064516,0.509090909090909
2024-01-05,usa,web,7656,88,Other,referral,75,262,1.0,75,262,0.2862595419847328,7656.0,0.33587786259541985
2024-01-06,can,móvil,13965,147,CRM,marketing,39,249,0.4105263157894737,95,377,0.1566265060240964,5733.0,0.5903614457831325
2024-01-06,can,móvil,13965,147,Paid,Comunicacion,56,128,0.5894736842105263,95,377,0.4375,8232.0,1.1484375
2024-01-06,can,web,12740,140,Other,referral,89,204,0.7235772357723578,123,326,0.4362745098039216,9218.373983739839,0.6862745098039216
2024-01-06,can,web,12740,140,Social,twitter,34,122,0.2764227642276423,123,326,0.2786885245901639,3521.6260162601625,1.1475409836065573
2024-01-06,esp,móvil,10000,125,Organic,medium,37,224,1.0,37,224,0.16517857142857142,10000.0,0.5580357142857143
2024-01-06,esp,web,6314,77,Organic,medium,51,137,0.3269230769230769,156,323,0.3722627737226277,2064.1923076923076,0.5620437956204379
2024-01-06,esp,web,6314,77,Other,referral,92,107,0.5897435897435898,156,323,0.8598130841121495,3723.641025641026,0.719626168224299
2024-01-06,esp,web,6314,77,Social,newsletter,13,79,0.08333333333333333,156,323,0.16455696202531644,526.1666666666666,0.9746835443037974
2024-01-06,fra,móvil,5795,61,Organic,medium,70,120,1.0,70,120,0.5833333333333334,5795.0,0.5083333333333333
2024-01-06,fra,web,11440,143,CRM,marketing,40,293,1.0,40,293,0.13651877133105803,11440.0,0.4880546075085324
2024-01-06,ger,web,5074,59,Social,newsletter,54,289,1.0,54,289,0.18685121107266436,5074.0,0.2041522491349481
2024-01-06,jpn,web,5130,54,CRM,marketing,85,110,0.6538461538461539,130,205,0.7727272727272727,3354.230769230769,0.4909090909090909
2024-01-06,jpn,web,5130,54,Organic,medium,45,95,0.34615384615384615,130,205,0.47368421052631576,1775.7692307692307,0.5684210526315789
2024-01-06,mex,web,3888,48,Canal no identificado,Detalle canal no identificado,93,298,1.0,93,298,0.31208053691275167,3888.0,0.1610738255033557
2024-01-07,can,móvil,3026,34,Organic,medium,88,233,1.0,88,233,0.3776824034334764,3026.0,0.1459227467811159
2024-01-07,can,web,8181,101,CRM,sale,47,267,0.2422680412371134,194,671,0.1760299625468165,1981.9948453608247,0.3782771535580524
2024-01-07,can,web,8181,101,Canal no identificado,Detalle canal no identificado,83,143,0.42783505154639173,194,671,0.5804195804195804,3500.1185567010307,0.7062937062937062
2024-01-07,can,web,8181,101,Organic,medium,2,127,0.010309278350515464,194,671,0.015748031496062992,84.34020618556701,0.7952755905511811
2024-01-07,can,web,8181,101,Other,referral,62,134,0.31958762886597936,194,671,0.4626865671641791,2614.546391752577,0.753731343283582
2024-01-07,esp,web,10912,124,Organic,medium,32,172,0.5423728813559322,59,325,0.18604651162790697,5918.372881355932,0.7209302325581395
2024-01-07,esp,web,10912,124,Social,google,27,153,0.4576271186440678,59,325,0.17647058823529413,4993.627118644068,0.8104575163398693
2024-01-07,ger,móvil,2070,23,Other,referral,47,273,1.0,47,273,0.17216117216117216,2070.0,0.08424908424908426
2024-01-07,ger,web,8645,95,Social,google,32,79,1.0,32,79,0.4050632911392405,8645.0,1.2025316455696202
2024-01-07,jpn,móvil,7990,94,CRM,sale,38,112,0.16593886462882096,229,598,0.3392857142857143,1325.8515283842794,0.8392857142857143
2024-01-07,jpn,móvil,7990,94,CRM,transaccionales,75,281,0.32751091703056767,229,598,0.2669039145907473,2616.8122270742356,0.33451957295373663
2024-01-07,jpn,móvil,7990,94,Canal no identificado,Detalle canal no identificado,32,78,0.13973799126637554,229,598,0.41025641025641024,1116.5065502183406,1.205128205128205
2024-01-07,jpn,móvil,7990,94,Paid,Performance,84,127,0.36681222707423583,229,598,0.6614173228346457,2930.8296943231444,0.7401574803149606
2024-01-07,mex,móvil,11360,142,Social,google,14,265,1.0,14,265,0.052830188679245285,11360.0,0.5358490566037736
2024-01-07,usa,web,10260,108,Social,newsletter,29,212,0.6590909090909091,44,437,0.13679245283018868,6762.272727272727,0.5094339622641509
2024-01-07,usa,web,10260,108,Social,twitter,15,225,0.3409090909090909,44,437,0.06666666666666667,3497.7272727272725,0.48
2024-01-08,can,móvil,8536,97,CRM,transaccionales,43,249,0.33858267716535434,127,340,0.17269076305220885,2890.1417322834645,0.3895582329317269
2024-01-08,can,móvil,8536,97,Paid,Comunicacion,84,91,0.6614173228346457,127,340,0.9230769230769231,5645.858267716536,1.065934065934066
2024-01-08,can,web,11782,137,Canal no identificado,Detalle canal no identificado,49,225,0.5051546391752577,97,323,0.21777777777777776,5951.731958762886,0.6088888888888889
2024-01-08,can,web,11782,137,Other,referral,48,98,0.4948453608247423,97,323,0.4897959183673469,5830.268041237114,1.3979591836734695
2024-01-08,esp,móvil,8091,93,Canal no identificado,Detalle canal no identificado,88,167,1.0,88,167,0.5269461077844312,8091.0,0.5568862275449101
2024-01-08,esp,web,5644,68,CRM,sale,98,178,1.0,98,178,0.550561797752809,5644.0,0.38202247191011235
2024-01-08,fra,móvil,10323,111,Social,instagram,94,128,1.0,94,128,0.734375,10323.0,0.8671875
2024-01-08,ger,web,172,2,Canal no identificado,Detalle canal no identificado,25,171,1.0,25,171,0.14619883040935672,172.0,0.011695906432748537
2024-01-08,jpn,móvil,95,1,CRM,marketing,37,222,1.0,37,222,0.16666666666666666,95.0,0.0045045045045045045
2024-01-08,jpn,web,3741,43,Organic,medium,21,390,0.9130434782608695,23,463,0.05384615384615385,3415.695652173913,0.11025641025641025
2024-01-08,jpn,web,3741,43,Social,instagram,2,73,0.08695652173913043,23,463,0.0273972602739726,325.30434782608694,0.589041095890411
2024-01-08,mex,móvil,13160,140,Social,google,43,270,1.0,43,270,0.15925925925925927,13160.0,0.5185185185185185
2024-01-08,mex,web,450,5,Organic,medium,12,195,0.125,96,454,0.06153846153846154,56.25,0.02564102564102564
2024-01-08,mex,web,450,5,Social,twitter,84,259,0.875,96,454,0.32432432432432434,393.75,0.019305019305019305
2024-01-08,usa,móvil,9270,103,Other,referral,44,135,1.0,44,135,0.32592592592592595,9270.0,0.762962962962963
2024-01-08,usa,web,3901,47,CRM,transaccionales,81,192,1.0,81,192,0.421875,3901.0,0.24479166666666666
2024-01-09,can,móvil,10769,121,Organic,medium,39,178,0.312,125,340,0.21910112359550563,3359.928,0.6797752808988764
2024-01-09,can,móvil,10769,121,Social,google,51,80,0.408,125,340,0.6375,4393.7519999999995,1.5125
2024-01-09,can,móvil,10769,121,Social,instagram,35,82,0.28,125,340,0.4268292682926829,3015.32,1.475609756097561
2024-01-09,can,web,7128,81,CRM,marketing,94,94,0.8173913043478261,115,270,1.0,5826.365217391305,0.8617021276595744
2024-01-09,can,web,7128,81,Organic,medium,21,176,0.1826086956521739,115,270,0.11931818181818182,1301.6347826086956,0.4602272727272727
2024-01-09,esp,móvil,11616,132,CRM,marketing,36,166,1.0,36,166,0.21686746987951808,11616.0,0.7951807228915663
2024-01-09,fra,móvil,6804,84,Organic,medium,50,164,1.0,50,164,0.3048780487804878,6804.0,0.5121951219512195
2024-01-09,fra,web,2952,36,CRM,sale,26,150,0.5909090909090909,44,439,0.17333333333333334,1744.3636363636365,0.24
2024-01-09,fra,web,2952,36,Social,google,18,289,0.4090909090909091,44,439,0.06228373702422145,1207.6363636363637,0.1245674740484429
2024-01-09,ger,móvil,12408,132,Organic,medium,67,135,0.432258064516129,155,262,0.4962962962962963,5363.458064516129,0.9777777777777777
2024-01-09,ger,móvil,12408,132,Social,instagram,88,127,0.567741935483871,155,262,0.6929133858267716,7044.541935483871,1.0393700787401574
2024-01-09,ger,web,2240,28,CRM,marketing,99,520,1.0,99,520,0.19038461538461537,2240.0,0.05384615384615385
2024-01-09,jpn,móvil,8480,106,Other,referral,5,265,1.0,5,265,0.018867924528301886,8480.0,0.4
2024-01-09,jpn,web,11036,124,Other,referral,125,323,1.0,125,323,0.38699690402476783,11036.0,0.38390092879256965
2024-01-09,mex,móvil,7654,86,Social,google,46,138,1.0,46,138,0.3333333333333333,7654.0,0.6231884057971014
2024-01-09,usa,móvil,10528,112,Canal no identificado,Detalle canal no identificado,39,296,1.0,39,296,0.13175675675675674,10528.0,0.3783783783783784
2024-01-10,can,móvil,6120,68,CRM,transaccionales,15,166,0.21739130434782608,69,441,0.09036144578313253,1330.4347826086955,0.40963855421686746
2024-01-10,can,móvil,6120,68,Social,newsletter,54,275,0.782608695652174,69,441,0.19636363636363635,4789.565217391305,0.24727272727272728
2024-01-10,can,web,4675,55,Other,referral,51,154,1.0,51,154,0.33116883116883117,4675.0,0.35714285714285715
2024-01-10,esp,móvil,3040,32,Social,twitter,53,159,1.0,53,159,0.3333333333333333,3040.0,0.20125786163522014
2024-01-10,fra,móvil,8400,105,CRM,sale,94,83,1.0,94,83,1.1325301204819278,8400.0,1.2650602409638554
2024-01-10,fra,web,10146,114,CRM,marketing,79,259,1.0,79,259,0.305019305019305,10146.0,0.44015444015444016
2024-01-10,ger,móvil,3588,39,Organic,medium,87,107,1.0,87,107,0.8130841121495327,3588.0,0.3644859813084112
2024-01-10,ger,web,2464,28,CRM,marketing,88,177,1.0,88,177,0.4971751412429379,2464.0,0.15819209039548024
2024-01-10,mex,móvil,10790,130,CRM,marketing,92,265,1.0,92,265,0.3471698113207547,10790.0,0.49056603773584906
2024-01-10,mex,web,7650,90,Other,referral,3,203,1.0,3,203,0.014778325123152709,7650.0,0.4433497536945813
2024-01-10,usa,web,11316,138,Other,referral,55,252,1.0,55,252,0.21825396825396826,11316.0,0.5476190476190477
2024-01-11,can,móvil,7905,85,Social,google,1,113,1.0,1,113,0.008849557522123894,7905.0,0.7522123893805309
2024-01-11,esp,móvil,4692,51,Canal no identificado,Detalle canal no identificado,92,257,1.0,92,257,0.35797665369649806,4692.0,0.19844357976653695
2024-01-11,esp,web,435,5,Other,referral,81,136,1.0,81,136,0.5955882352941176,435.0,0.03676470588235294
2024-01-11,fra,web,12267,141,Organic,medium,72,170,1.0,72,170,0.4235294117647059,12267.0,0.8294117647058824
2024-01-11,ger,web,8466,102,Other,referral,13,177,1.0,13,177,0.07344632768361582,8466.0,0.576271186440678
2024-01-11,jpn,móvil,2639,29,Other,referral,9,255,1.0,9,255,0.03529411764705882,2639.0,0.11372549019607843
2024-01-11,usa,móvil,4374,54,Paid,Comunicacion,8,182,0.2222222222222222,36,429,0.04395604395604396,972.0,0.2967032967032967
2024-01-11,usa,móvil,4374,54,Social,twitter,28,247,0.7777777777777778,36,429,0.11336032388663968,3402.0,0.21862348178137653
2024-01-12,can,móvil,2232,24,Social,google,87,273,1.0,87,273,0.31868131868131866,2232.0,0.08791208791208792
2024-01-12,can,web,774,9,Organic,medium,65,123,0.47794117647058826,136,230,0.5284552845528455,369.9264705882353,0.07317073170731707
2024-01-12,can,web,774,9,Social,twitter,71,107,0.5220588235294118,136,230,0.6635514018691588,404.07352941176475,0.08411214953271028
2024-01-12,esp,móvil,5848,68,CRM,sale,44,169,0.55,80,368,0.2603550295857988,3216.4,0.40236686390532544
2024-01-12,esp,móvil,5848,68,Organic,medium,36,199,0.45,80,368,0.18090452261306533,2631.6,0.3417085427135678
2024-01-12,esp,web,6279,69,Social,instagram,96,290,1.0,96,290,0.3310344827586207,6279.0,0.23793103448275862
2024-01-12,ger,móvil,8010,89,CRM,marketing,65,197,0.5701754385964912,114,349,0.3299492385786802,4567.105263157895,0.4517766497461929
2024-01-12,ger,móvil,8010,89,Organic,medium,49,152,0.4298245614035088,114,349,0.3223684210526316,3442.8947368421054,0.5855263157894737
2024-01-12,jpn,móvil,12314,131,Organic,medium,95,142,0.9595959595959596,99,358,0.6690140845070423,11816.464646464647,0.9225352112676056
2024-01-12,jpn,móvil,12314,131,Other,referral,4,216,0.04040404040404041,99,358,0.018518518518518517,497.5353535353536,0.6064814814814815
2024-01-12,jpn,web,1274,14,Social,google,43,163,1.0,43,163,0.26380368098159507,1274.0,0.08588957055214724
2024-01-12,mex,móvil,8178,87,CRM,transaccionales,44,197,0.19642857142857142,224,850,0.2233502538071066,1606.392857142857,0.4416243654822335
2024-01-12,mex,móvil,8178,87,Canal no identificado,Detalle canal no identificado,61,176,0.27232142857142855,224,850,0.3465909090909091,2227.0446428571427,0.4943181818181818
2024-01-12,mex,móvil,8178,87,Organic,medium,65,158,0.29017857142857145,224,850,0.41139240506329117,2373.0803571428573,0.5506329113924051
2024-01-12,mex,móvil,8178,87,Other,referral,0,58,0.0,224,850,0.0,0.0,1.5
2024-01-12,mex,móvil,8178,87,Social,instagram,54,261,0.24107142857142858,224,850,0.20689655172413793,1971.482142857143,0.3333333333333333
2024-01-12,usa,móvil,10920,130,Social,instagram,14,57,1.0,14,57,0.24561403508771928,10920.0,2.280701754385965
2024-01-12,usa,web,1462,17,Organic,medium,53,182,0.5196078431372549,102,423,0.29120879120879123,759.6666666666667,0.09340659340659341
2024-01-12,usa,web,1462,17,Other,referral,49,241,0.4803921568627451,102,423,0.2033195020746888,702.3333333333334,0.07053941908713693
2024-01-13,can,móvil,12150,150,Social,facebook,21,199,1.0,21,199,0.10552763819095477,12150.0,0.7537688442211056
2024-01-13,can,web,11039,133,Organic,medium,96,271,0.5853658536585366,164,503,0.35424354243542433,6461.853658536585,0.4907749077490775
2024-01-13,can,web,11039,133,Other,referral,68,232,0.4146341463414634,164,503,0.29310344827586204,4577.1463414634145,0.5732758620689655
2024-01-13,esp,web,3864,46,Canal no identificado,Detalle canal no identificado,17,214,0.09392265193370165,181,669,0.0794392523364486,362.9171270718232,0.21495327102803738
2024-01-13,esp,web,3864,46,Other,referral,73,202,0.40331491712707185,181,669,0.3613861386138614,1558.4088397790056,0.22772277227722773
2024-01-13,esp,web,3864,46,Paid,Comunicacion,91,253,0.5027624309392266,181,669,0.35968379446640314,1942.6740331491715,0.18181818181818182
2024-01-13,fra,móvil,13616,148,CRM,marketing,27,216,0.2647058823529412,102,335,0.125,3604.2352941176473,0.6851851851851852
2024-01-13,fra,móvil,13616,148,Paid,Comunicacion,75,119,0.7352941176470589,102,335,0.6302521008403361,10011.764705882353,1.2436974789915967
2024-01-13,fra,web,4150,50,Social,facebook,0,99,1.0,0,99,0.0,4150.0,0.5050505050505051
2024-01-13,ger,móvil,6016,64,Canal no identificado,Detalle canal no identificado,82,137,1.0,82,137,0.5985401459854015,6016.0,0.46715328467153283
2024-01-13,jpn,web,5264,56,Other,referral,89,282,1.0,89,282,0.31560283687943264,5264.0,0.19858156028368795
2024-01-13,mex,web,243,3,Other,referral,8,67,1.0,8,67,0.11940298507462686,243.0,0.04477611940298507
2024-01-13,usa,móvil,7120,80,Other,referral,25,325,1.0,25,325,0.07692307692307693,7120.0,0.24615384615384617
2024-01-13,usa,web,5832,72,Organic,medium,17,108,0.6296296296296297,27,357,0.1574074074074074,3672.0,0.6666666666666666
2024-01-13,usa,web,5832,72,Other,referral,10,249,0.37037037037037035,27,357,0.040160642570281124,2160.0,0.2891566265060241
2024-01-14,can,móvil,5248,64,Canal no identificado,Detalle canal no identificado,61,126,0.6421052631578947,95,420,0.48412698412698413,3369.7684210526318,0.5079365079365079
2024-01-14,can,móvil,5248,64,Social,instagram,34,294,0.35789473684210527,95,420,0.11564625850340136,1878.2315789473685,0.21768707482993196
2024-01-14,can,web,5865,69,CRM,sale,15,169,0.2777777777777778,54,457,0.08875739644970414,1629.1666666666667,0.40828402366863903
2024-01-14,can,web,5865,69,Canal no identificado,Detalle canal no identificado,39,288,0.7222222222222222,54,457,0.13541666666666666,4235.833333333333,0.23958333333333334
2024-01-14,esp,móvil,2772,33,CRM,marketing,99,67,0.5963855421686747,166,276,1.4776119402985075,1653.1807228915661,0.4925373134328358
2024-01-14,esp,móvil,2772,33,CRM,sale,19,59,0.1144578313253012,166,276,0.3220338983050847,317.2771084337349,0.559322033898305
2024-01-14,esp,móvil,2772,33,Organic,medium,48,150,0.2891566265060241,166,276,0.32,801.5421686746988,0.22
2024-01-14,fra,móvil,12090,130,Other,referral,12,280,1.0,12,280,0.04285714285714286,12090.0,0.4642857142857143
2024-01-14,ger,móvil,6240,78,CRM,sale,56,385,1.0,56,385,0.14545454545454545,6240.0,0.2025974025974026
2024-01-14,ger,web,6624,72,Other,referral,76,91,1.0,76,91,0.8351648351648352,6624.0,0.7912087912087912
2024-01-14,jpn,móvil,6675,75,Canal no identificado,Detalle canal no identificado,36,269,1.0,36,269,0.13382899628252787,6675.0,0.2788104089219331
2024-01-14,jpn,web,3735,45,Organic,medium,7,185,1.0,7,185,0.03783783783783784,3735.0,0.24324324324324326
2024-01-14,mex,móvil,11997,129,Canal no identificado,Detalle canal no identificado,45,100,0.45918367346938777,98,533,0.45,5508.826530612245,1.29
2024-01-14,mex,móvil,11997,129,Other,referral,44,153,0.4489795918367347,98,533,0.2875816993464052,5386.408163265306,0.8431372549019608
2024-01-14,mex,móvil,11997,129,Social,google,9,280,0.09183673469387756,98,533,0.03214285714285714,1101.7653061224491,0.4607142857142857
2024-01-14,mex,web,455,5,Canal no identificado,Detalle canal no identificado,24,248,0.5454545454545454,44,377,0.0967741935483871,248.18181818181816,0.020161290322580645
2024-01-14,mex,web,455,5,Organic,medium,20,129,0.45454545454545453,44,377,0.15503875968992248,206.8181818181818,0.03875968992248062
2024-01-14,usa,móvil,5780,68,Organic,medium,59,298,1.0,59,298,0.19798657718120805,5780.0,0.22818791946308725
2024-01-14,usa,web,364,4,CRM,marketing,20,143,0.0966183574879227,207,656,0.13986013986013987,35.169082125603865,0.027972027972027972
2024-01-14,usa,web,364,4,CRM,sale,94,234,0.45410628019323673,207,656,0.4017094017094017,165.29468599033817,0.017094017094017096
2024-01-14,usa,web,364,4,Other,referral,93,279,0.4492753623188406,207,656,0.3333333333333333,163.53623188405797,0.014336917562724014
2024-01-15,fra,móvil,4950,55,Other,referral,95,172,1.0,95,172,0.5523255813953488,4950.0,0.31976744186046513
2024-01-15,fra,web,3870,45,CRM,marketing,20,95,0.20408163265306123,98,389,0.21052631578947367,789.795918367347,0.47368421052631576
2024-01-15,fra,web,3870,45,Social,newsletter,78,294,0.7959183673469388,98,389,0.2653061224489796,3080.204081632653,0.15306122448979592
2024-01-15,jpn,web,2883,31,Other,referral,53,117,1.0,53,117,0.452991452991453,2883.0,0.26495726495726496
2024-01-15,mex,móvil,8245,97,Other,referral,30,218,1.0,30,218,0.13761467889908258,8245.0,0.44495412844036697
2024-01-15,mex,web,12960,144,Social,twitter,33,166,1.0,33,166,0.19879518072289157,12960.0,0.8674698795180723
2024-01-15,usa,móvil,7030,74,Other,referral,6,81,1.0,6,81,0.07407407407407407,7030.0,0.9135802469135802
2024-01-16,can,móvil,2550,30,CRM,marketing,9,147,0.45,20,332,0.061224489795918366,1147.5,0.20408163265306123
2024-01-16,can,móvil,2550,30,Canal no identificado,Detalle canal no identificado,11,185,0.55,20,332,0.05945945945945946,1402.5,0.16216216216216217
2024-01-16,can,web,910,10,Organic,medium,74,197,1.0,74,197,0.3756345177664975,910.0,0.050761421319796954
2024-01-16,esp,web,9720,120,Other,referral,32,142,1.0,32,142,0.22535211267605634,9720.0,0.8450704225352113
2024-01-16,ger,móvil,10332,123,Canal no identificado,Detalle canal no identificado,175,182,1.0,175,182,0.9615384615384616,10332.0,0.6758241758241759
2024-01-16,ger,web,12880,140,Organic,medium,51,233,1.0,51,233,0.21888412017167383,12880.0,0.6008583690987125
2024-01-16,jpn,móvil,12741,137,CRM,transaccionales,2,114,0.030303030303030304,66,315,0.017543859649122806,386.0909090909091,1.2017543859649122
2024-01-16,jpn,móvil,12741,137,Other,referral,64,201,0.9696969696969697,66,315,0.31840796019900497,12354.909090909092,0.681592039800995
2024-01-16,mex,móvil,11438,133,Other,referral,45,173,1.0,45,173,0.26011560693641617,11438.0,0.7687861271676301
2024-01-16,mex,web,12702,146,CRM,marketing,95,89,0.4634146341463415,205,292,1.0674157303370786,5886.29268292683,1.6404494382022472
2024-01-16,mex,web,12702,146,Canal no identificado,Detalle canal no identificado,110,203,0.5365853658536586,205,292,0.541871921182266,6815.707317073171,0.7192118226600985
2024-01-16,usa,móvil,5696,64,Canal no identificado,Detalle canal no identificado,13,282,0.07692307692307693,169,772,0.04609929078014184,438.1538461538462,0.22695035460992907
2024-01-16,usa,móvil,5696,64,Other,referral,121,246,0.7159763313609467,169,772,0.491869918699187,4078.201183431953,0.2601626016260163
2024-01-16,usa,móvil,5696,64,Social,twitter,35,244,0.20710059171597633,169,772,0.14344262295081966,1179.6449704142012,0.26229508196721313
2024-01-16,usa,web,2064,24,Social,newsletter,130,395,1.0,130,395,0.3291139240506329,2064.0,0.060759493670886074
2024-01-17,can,móvil,2988,36,Canal no identificado,Detalle canal no identificado,68,232,1.0,68,232,0.29310344827586204,2988.0,0.15517241379310345
2024-01-17,can,web,6474,78,Organic,medium,71,243,1.0,71,243,0.29218106995884774,6474.0,0.32098765432098764
2024-01-17,esp,móvil,2759,31,Organic,medium,36,54,0.34615384615384615,104,113,0.6666666666666666,955.0384615384615,0.5740740740740741
2024-01-17,esp,móvil,2759,31,Other,referral,68,59,0.6538461538461539,104,113,1.152542372881356,1803.9615384615386,0.5254237288135594
2024-01-17,esp,web,11039,133,Social,twitter,17,95,1.0,17,95,0.17894736842105263,11039.0,1.4
2024-01-17,fra,web,14006,149,Other,referral,7,198,0.3888888888888889,18,485,0.03535353535353535,5446.777777777778,0.7525252525252525
2024-01-17,fra,web,14006,149,Social,facebook,9,98,0.5,18,485,0.09183673469387756,7003.0,1.5204081632653061
2024-01-17,fra,web,14006,149,Social,twitter,2,189,0.1111111111111111,18,485,0.010582010582010581,1556.2222222222222,0.7883597883597884
2024-01-17,ger,web,6972,84,Canal no identificado,Detalle canal no identificado,39,114,0.3482142857142857,112,328,0.34210526315789475,2427.75,0.7368421052631579
2024-01-17,ger,web,6972,84,Other,referral,73,214,0.6517857142857143,112,328,0.3411214953271028,4544.25,0.3925233644859813
2024-01-17,jpn,móvil,1584,18,Organic,medium,75,203,0.7009345794392523,107,412,0.3694581280788177,1110.2803738317757,0.08866995073891626
2024-01-17,jpn,móvil,1584,18,Social,twitter,32,209,0.29906542056074764,107,412,0.15311004784688995,473.71962616822424,0.0861244019138756
2024-01-17,mex,móvil,8170,95,Canal no identificado,Detalle canal no identificado,82,118,0.6212121212121212,132,240,0.6949152542372882,5075.30303030303,0.8050847457627118
2024-01-17,mex,móvil,8170,95,Other,referral,50,122,0.3787878787878788,132,240,0.4098360655737705,3094.6969696969695,0.7786885245901639
2024-01-17,usa,móvil,12728,148,Other,referral,62,67,1.0,62,67,0.9253731343283582,12728.0,2.208955223880597
2024-01-18,can,móvil,1365,15,Canal no identificado,Detalle canal no identificado,78,256,0.3305084745762712,236,604,0.3046875,451.14406779661016,0.05859375
2024-01-18,can,móvil,1365,15,Other,referral,65,223,0.2754237288135593,236,604,0.2914798206278027,375.95338983050846,0.06726457399103139
2024-01-18,can,móvil,1365,15,Social,newsletter,93,125,0.3940677966101695,236,604,0.744,537.9025423728814,0.12
2024-01-18,can,web,9025,95,CRM,transaccionales,8,232,0.06153846153846154,130,737,0.034482758620689655,555.3846153846155,0.40948275862068967
2024-01-18,can,web,9025,95,Canal no identificado,Detalle canal no identificado,74,272,0.5692307692307692,130,737,0.27205882352941174,5137.307692307692,0.3492647058823529
2024-01-18,can,web,9025,95,Social,twitter,48,233,0.36923076923076925,130,737,0.20600858369098712,3332.3076923076924,0.40772532188841204
2024-01-18,fra,móvil,8648,92,Other,referral,40,155,1.0,40,155,0.25806451612903225,8648.0,0.5935483870967742
2024-01-18,fra,web,2025,25,Social,twitter,80,225,1.0,80,225,0.35555555555555557,2025.0,0.1111111111111111
2024-01-18,ger,web,9010,106,Social,google,58,245,0.6744186046511628,86,462,0.23673469387755103,6076.511627906976,0.4326530612244898
2024-01-18,ger,web,9010,106,Social,newsletter,28,217,0.32558139534883723,86,462,0.12903225806451613,2933.4883720930234,0.48847926267281105
2024-01-18,jpn,móvil,9153,113,Social,twitter,43,192,1.0,43,192,0.22395833333333334,9153.0,0.5885416666666666
2024-01-18,mex,móvil,6075,75,Social,facebook,74,252,1.0,74,252,0.29365079365079366,6075.0,0.2976190476190476
2024-01-18,mex,web,7216,82,Organic,medium,76,293,0.7378640776699029,103,393,0.2593856655290102,5324.42718446602,0.27986348122866894
2024-01-18,mex,web,7216,82,Other,referral,27,100,0.2621359223300971,103,393,0.27,1891.5728155339805,0.82
2024-01-18,usa,web,820,10,Other,referral,83,59,1.0,83,59,1.4067796610169492,820.0,0.1694915254237288
2024-01-19,can,móvil,5734,61,Organic,medium,8,135,0.1095890410958904,73,403,0.05925925925925926,628.3835616438356,0.45185185185185184
2024-01-19,can,móvil,5734,61,Other,referral,65,268,0.8904109589041096,73,403,0.24253731343283583,5105.6164383561645,0.22761194029850745
2024-01-19,esp,móvil,5100,60,Canal no identificado,Detalle canal no identificado,94,188,1.0,94,188,0.5,5100.0,0.3191489361702128
2024-01-19,ger,web,7055,85,Social,google,66,52,1.0,66,52,1.2692307692307692,7055.0,1.6346153846153846
2024-01-19,jpn,móvil,1157,13,Canal no identificado,Detalle canal no identificado,9,149,1.0,9,149,0.06040268456375839,1157.0,0.087248322147651
2024-01-19,mex,móvil,5265,65,Organic,medium,48,146,1.0,48,146,0.3287671232876712,5265.0,0.4452054794520548
2024-01-19,usa,web,7905,93,Social,newsletter,9,243,1.0,9,243,0.037037037037037035,7905.0,0.38271604938271603
2024-01-20,can,web,8827,97,CRM,sale,28,290,0.2,140,719,0.09655172413793103,1765.4,0.33448275862068966
2024-01-20,can,web,8827,97,Other,referral,99,162,0.7071428571428572,140,719,0.6111111111111112,6241.950000000001,0.5987654320987654
2024-01-20,can,web,8827,97,Social,instagram,13,267,0.09285714285714286,140,719,0.04868913857677903,819.65,0.36329588014981273
2024-01-20,esp,móvil,1204,14,CRM,marketing,40,164,0.7272727272727273,55,373,0.24390243902439024,875.6363636363636,0.08536585365853659
2024-01-20,esp,móvil,1204,14,CRM,sale,15,209,0.2727272727272727,55,373,0.07177033492822966,328.3636363636363,0.06698564593301436
2024-01-20,esp,web,3276,36,Social,facebook,55,124,0.41353383458646614,133,267,0.4435483870967742,1354.7368421052631,0.2903225806451613
2024-01-20,esp,web,3276,36,Social,instagram,78,143,0.5864661654135338,133,267,0.5454545454545454,1921.2631578947367,0.2517482517482518
2024-01-20,fra,web,4592,56,Canal no identificado,Detalle canal no identificado,66,109,1.0,66,109,0.6055045871559633,4592.0,0.5137614678899083
2024-01-20,ger,móvil,5508,68,Other,referral,22,113,1.0,22,113,0.19469026548672566,5508.0,0.6017699115044248
2024-01-20,ger,web,10472,119,CRM,marketing,86,177,0.5180722891566265,166,305,0.4858757062146893,5425.253012048192,0.672316384180791
2024-01-20,ger,web,10472,119,Social,instagram,80,128,0.4819277108433735,166,305,0.625,5046.746987951808,0.9296875
2024-01-20,jpn,móvil,5658,69,Other,referral,6,148,1.0,6,148,0.04054054054054054,5658.0,0.46621621621621623
2024-01-20,mex,móvil,11305,119,CRM,marketing,66,270,1.0,66,270,0.24444444444444444,11305.0,0.44074074074074077
2024-01-20,usa,web,7896,84,Organic,medium,86,192,1.0,86,192,0.4479166666666667,7896.0,0.4375
2024-01-21,can,web,6882,74,Other,referral,83,92,1.0,83,92,0.9021739130434783,6882.0,0.8043478260869565
2024-01-21,esp,móvil,10752,128,CRM,marketing,82,291,0.7735849056603774,106,492,0.281786941580756,8317.584905660378,0.43986254295532645
2024-01-21,esp,móvil,10752,128,Social,newsletter,24,201,0.22641509433962265,106,492,0.11940298507462686,2434.4150943396226,0.6368159203980099
2024-01-21,esp,web,13377,147,Other,referral,6,287,1.0,6,287,0.020905923344947737,13377.0,0.5121951219512195
2024-01-21,fra,web,546,6,Social,twitter,72,297,1.0,72,297,0.24242424242424243,546.0,0.020202020202020204
2024-01-21,ger,móvil,1392,16,CRM,sale,89,218,0.7007874015748031,127,710,0.40825688073394495,975.496062992126,0.07339449541284404
2024-01-21,ger,móvil,1392,16,Canal no identificado,Detalle canal no identificado,34,315,0.2677165354330709,127,710,0.10793650793650794,372.66141732283467,0.050793650793650794
2024-01-21,ger,móvil,1392,16,Other,referral,4,177,0.031496062992125984,127,710,0.022598870056497175,43.84251968503937,0.0903954802259887
2024-01-21,jpn,móvil,9860,116,CRM,marketing,63,141,1.0,63,141,0.44680851063829785,9860.0,0.8226950354609929
2024-01-21,mex,móvil,12460,140,Organic,medium,33,244,0.75,44,481,0.13524590163934427,9345.0,0.5737704918032787
2024-01-21,mex,móvil,12460,140,Other,referral,11,237,0.25,44,481,0.046413502109704644,3115.0,0.5907172995780591
2024-01-21,mex,web,3870,45,Social,newsletter,69,265,1.0,69,265,0.26037735849056604,3870.0,0.16981132075471697
2024-01-21,usa,móvil,4067,49,Organic,medium,12,187,1.0,12,187,0.06417112299465241,4067.0,0.2620320855614973
2024-01-21,usa,web,10710,119,Canal no identificado,Detalle canal no identificado,99,120,0.5210526315789473,190,405,0.825,5580.473684210526,0.9916666666666667
2024-01-21,usa,web,10710,119,Other,referral,91,285,0.4789473684210526,190,405,0.3192982456140351,5129.526315789473,0.41754385964912283
2024-01-22,can,móvil,5785,65,CRM,marketing,93,218,1.0,93,218,0.42660550458715596,5785.0,0.2981651376146789
2024-01-22,esp,móvil,5695,67,CRM,transaccionales,84,275,1.0,84,275,0.3054545454545455,5695.0,0.24363636363636362
2024-01-22,esp,web,2349,27,Canal no identificado,Detalle canal no identificado,95,68,0.9223300970873787,103,207,1.3970588235294117,2166.5533980582527,0.39705882352941174
2024-01-22,esp,web,2349,27,Other,referral,8,139,0.07766990291262135,103,207,0.05755395683453238,182.44660194174756,0.19424460431654678
2024-01-22,fra,web,1700,20,Organic,medium,19,144,1.0,19,144,0.13194444444444445,1700.0,0.1388888888888889
2024-01-22,ger,web,3024,36,CRM,sale,8,292,1.0,8,292,0.0273972602739726,3024.0,0.1232876712328767
2024-01-22,mex,móvil,7047,81,CRM,sale,78,180,0.8210526315789474,95,388,0.43333333333333335,5785.957894736842,0.45
2024-01-22,mex,móvil,7047,81,Organic,medium,17,208,0.17894736842105263,95,388,0.08173076923076923,1261.042105263158,0.3894230769230769
2024-01-22,usa,móvil,8544,96,Other,referral,66,116,1.0,66,116,0.5689655172413793,8544.0,0.8275862068965517
2024-01-23,can,móvil,1392,16,CRM,sale,56,81,1.0,56,81,0.691358024691358,1392.0,0.19753086419753085
2024-01-23,esp,web,12788,139,CRM,sale,35,195,0.30973451327433627,113,345,0.1794871794871795,3960.884955752212,0.7128205128205128
2024-01-23,esp,web,12788,139,Canal no identificado,Detalle canal no identificado,78,150,0.6902654867256637,113,345,0.52,8827.115044247786,0.9266666666666666
2024-01-23,fra,móvil,2025,25,Social,google,56,63,1.0,56,63,0.8888888888888888,2025.0,0.3968253968253968
2024-01-23,ger,móvil,5355,63,CRM,marketing,8,229,0.058823529411764705,136,1019,0.034934497816593885,315.0,0.27510917030567683
2024-01-23,ger,móvil,5355,63,CRM,sale,44,306,0.3235294117647059,136,1019,0.1437908496732026,1732.5,0.20588235294117646
2024-01-23,ger,móvil,5355,63,Other,referral,84,484,0.6176470588235294,136,1019,0.17355371900826447,3307.5,0.13016528925619836
2024-01-23,ger,web,3549,39,CRM,transaccionales,25,144,0.23148148148148148,108,298,0.1736111111111111,821.5277777777778,0.2708333333333333
2024-01-23,ger,web,3549,39,Organic,medium,5,78,0.046296296296296294,108,298,0.0641025641025641,164.30555555555554,0.5
2024-01-23,ger,web,3549,39,Paid,Performance,78,76,0.7222222222222222,108,298,1.0263157894736843,2563.1666666666665,0.5131578947368421
2024-01-23,jpn,móvil,12126,141,Canal no identificado,Detalle canal no identificado,75,355,0.7009345794392523,107,558,0.2112676056338028,8499.532710280373,0.3971830985915493
2024-01-23,jpn,móvil,12126,141,Other,referral,32,203,0.29906542056074764,107,558,0.15763546798029557,3626.467289719626,0.6945812807881774
2024-01-23,jpn,web,1701,21,CRM,marketing,1,215,0.008928571428571428,112,815,0.004651162790697674,15.1875,0.09767441860465116
2024-01-23,jpn,web,1701,21,Organic,medium,89,288,0.7946428571428571,112,815,0.3090277777777778,1351.6875,0.07291666666666667
2024-01-23,jpn,web,1701,21,Paid,Comunicacion,21,165,0.1875,112,815,0.12727272727272726,318.9375,0.12727272727272726
2024-01-23,jpn,web,1701,21,Social,instagram,1,147,0.008928571428571428,112,815,0.006802721088435374,15.1875,0.14285714285714285
2024-01-23,mex,móvil,1680,20,Organic,medium,19,263,1.0,19,263,0.07224334600760456,1680.0,0.07604562737642585
2024-01-23,usa,web,7040,80,Canal no identificado,Detalle canal no identificado,25,112,0.211864406779661,118,589,0.22321428571428573,1491.5254237288134,0.7142857142857143
2024-01-23,usa,web,7040,80,Paid,Comunicacion,10,223,0.0847457627118644,118,589,0.04484304932735426,596.6101694915254,0.35874439461883406
2024-01-23,usa,web,7040,80,Social,facebook,83,254,0.7033898305084746,118,589,0.32677165354330706,4951.864406779661,0.31496062992125984
2024-01-24,can,web,12320,140,Organic,medium,17,188,0.3469387755102041,49,350,0.09042553191489362,4274.285714285715,0.7446808510638298
2024-01-24,can,web,12320,140,Social,twitter,32,162,0.6530612244897959,49,350,0.19753086419753085,8045.714285714285,0.8641975308641975
2024-01-24,esp,web,11919,137,Canal no identificado,Detalle canal no identificado,29,248,0.23015873015873015,126,532,0.11693548387096774,2743.2619047619046,0.5524193548387096
2024-01-24,esp,web,11919,137,Other,referral,97,284,0.7698412698412699,126,532,0.3415492957746479,9175.738095238095,0.4823943661971831
2024-01-24,fra,móvil,3420,36,CRM,transaccionales,80,215,0.4968944099378882,161,487,0.37209302325581395,1699.3788819875776,0.16744186046511628
2024-01-24,fra,móvil,3420,36,Paid,Comunicacion,81,272,0.5031055900621118,161,487,0.2977941176470588,1720.6211180124221,0.1323529411764706
2024-01-24,fra,web,5808,66,CRM,marketing,51,111,1.0,51,111,0.4594594594594595,5808.0,0.5945945945945946
2024-01-24,jpn,web,11466,126,Organic,medium,19,81,1.0,19,81,0.2345679012345679,11466.0,1.5555555555555556
2024-01-24,mex,móvil,9118,97,CRM,sale,84,190,0.6885245901639344,122,430,0.4421052631578947,6277.967213114754,0.5105263157894737
2024-01-24,mex,móvil,9118,97,Social,google,38,240,0.3114754098360656,122,430,0.15833333333333333,2840.032786885246,0.4041666666666667
2024-01-24,mex,web,11972,146,Social,facebook,11,58,1.0,11,58,0.1896551724137931,11972.0,2.5172413793103448
2024-01-25,esp,móvil,10146,114,Canal no identificado,Detalle canal no identificado,41,94,1.0,41,94,0.43617021276595747,10146.0,1.2127659574468086
2024-01-25,fra,móvil,1411,17,Social,newsletter,3,283,1.0,3,283,0.01060070671378092,1411.0,0.06007067137809187
2024-01-25,fra,web,3828,44,Canal no identificado,Detalle canal no identificado,85,264,1.0,85,264,0.32196969696969696,3828.0,0.16666666666666666
2024-01-25,ger,móvil,5546,59,Social,twitter,39,82,1.0,39,82,0.47560975609756095,5546.0,0.7195121951219512
2024-01-25,ger,web,12580,148,Social,instagram,18,122,1.0,18,122,0.14754098360655737,12580.0,1.2131147540983607
2024-01-25,jpn,móvil,4644,54,CRM,sale,44,137,1.0,44,137,0.32116788321167883,4644.0,0.39416058394160586
2024-01-25,jpn,web,435,5,Organic,medium,69,138,1.0,69,138,0.5,435.0,0.036231884057971016
2024-01-25,mex,móvil,2520,28,Social,google,52,126,1.0,52,126,0.4126984126984127,2520.0,0.2222222222222222
2024-01-25,mex,web,4959,57,Other,referral,76,107,1.0,76,107,0.7102803738317757,4959.0,0.5327102803738317
2024-01-26,can,móvil,4150,50,CRM,sale,39,198,1.0,39,198,0.19696969696969696,4150.0,0.25252525252525254
2024-01-26,can,web,6888,82,Other,referral,96,169,1.0,96,169,0.5680473372781065,6888.0,0.48520710059171596
2024-01-26,esp,móvil,12788,139,CRM,transaccionales,18,128,1.0,18,128,0.140625,12788.0,1.0859375
2024-01-26,fra,móvil,8722,98,Canal no identificado,Detalle canal no identificado,118,197,1.0,118,197,0.5989847715736041,8722.0,0.49746192893401014
2024-01-26,fra,web,672,8,Canal no identificado,Detalle canal no identificado,34,271,0.4358974358974359,78,423,0.12546125461254612,292.9230769230769,0.02952029520295203
2024-01-26,fra,web,672,8,Social,facebook,44,152,0.5641025641025641,78,423,0.2894736842105263,379.0769230769231,0.05263157894736842
2024-01-26,ger,web,10614,122,Canal no identificado,Detalle canal no identificado,94,257,0.49214659685863876,191,704,0.3657587548638132,5223.643979057591,0.47470817120622566
2024-01-26,ger,web,10614,122,Social,google,97,447,0.5078534031413613,191,704,0.21700223713646533,5390.356020942409,0.27293064876957496
2024-01-26,jpn,móvil,10788,124,Other,referral,105,201,1.0,105,201,0.5223880597014925,10788.0,0.6169154228855721
2024-01-26,jpn,web,7200,80,Other,referral,87,199,1.0,87,199,0.4371859296482412,7200.0,0.4020100502512563
2024-01-26,mex,móvil,6723,81,CRM,sale,38,114,1.0,38,114,0.3333333333333333,6723.0,0.7105263157894737
2024-01-26,usa,móvil,11590,122,CRM,marketing,94,278,0.5108695652173914,184,566,0.3381294964028777,5920.978260869566,0.43884892086330934
2024-01-26,usa,móvil,11590,122,Social,google,90,288,0.4891304347826087,184,566,0.3125,5669.021739130435,0.4236111111111111
2024-01-27,can,móvil,13110,138,CRM,sale,12,211,1.0,12,211,0.05687203791469194,13110.0,0.6540284360189573
2024-01-27,can,web,7268,79,Organic,medium,30,294,1.0,30,294,0.10204081632653061,7268.0,0.2687074829931973
2024-01-27,fra,móvil,5427,67,CRM,sale,36,158,0.5217391304347826,69,284,0.22784810126582278,2831.478260869565,0.4240506329113924
2024-01-27,fra,móvil,5427,67,Organic,medium,33,126,0.4782608695652174,69,284,0.2619047619047619,2595.521739130435,0.5317460317460317
2024-01-27,ger,móvil,7482,87,Paid,Comunicacion,58,91,0.6373626373626373,91,303,0.6373626373626373,4768.747252747253,0.9560439560439561
2024-01-27,ger,móvil,7482,87,Social,facebook,33,212,0.3626373626373626,91,303,0.15566037735849056,2713.252747252747,0.41037735849056606
2024-01-27,ger,web,6966,81,CRM,marketing,9,250,0.0891089108910891,101,533,0.036,620.7326732673267,0.324
2024-01-27,ger,web,6966,81,Organic,medium,92,283,0.9108910891089109,101,533,0.3250883392226148,6345.267326732674,0.2862190812720848
2024-01-27,jpn,web,1720,20,Canal no identificado,Detalle canal no identificado,93,85,1.0,93,85,1.0941176470588236,1720.0,0.23529411764705882
2024-01-27,mex,web,10614,122,Organic,medium,52,102,0.4297520661157025,121,455,0.5098039215686274,4561.388429752066,1.196078431372549
2024-01-27,mex,web,10614,122,Social,facebook,15,276,0.12396694214876033,121,455,0.05434782608695652,1315.7851239669421,0.4420289855072464
2024-01-27,mex,web,10614,122,Social,google,54,77,0.4462809917355372,121,455,0.7012987012987013,4736.826446280992,1.5844155844155845
2024-01-27,usa,móvil,12555,135,Canal no identificado,Detalle canal no identificado,71,205,1.0,71,205,0.3463414634146341,12555.0,0.6585365853658537
2024-01-27,usa,web,9680,121,Organic,medium,77,110,1.0,77,110,0.7,9680.0,1.1
2024-01-28,can,web,4185,45,Social,twitter,81,51,1.0,81,51,1.588235294117647,4185.0,0.8823529411764706
2024-01-28,esp,móvil,2136,24,Other,referral,45,212,1.0,45,212,0.21226415094339623,2136.0,0.11320754716981132
2024-01-28,esp,web,11180,130,Social,newsletter,92,290,1.0,92,290,0.31724137931034485,11180.0,0.4482758620689655
2024-01-28,fra,móvil,8084,94,Other,referral,97,216,1.0,97,216,0.44907407407407407,8084.0,0.4351851851851852
2024-01-28,ger,móvil,7125,75,Canal no identificado,Detalle canal no identificado,14,215,0.07446808510638298,188,498,0.06511627906976744,530.5851063829787,0.3488372093023256
2024-01-28,ger,móvil,7125,75,Organic,medium,77,156,0.4095744680851064,188,498,0.4935897435897436,2918.218085106383,0.4807692307692308
2024-01-28,ger,móvil,7125,75,Other,referral,97,127,0.5159574468085106,188,498,0.7637795275590551,3676.196808510638,0.5905511811023622
2024-01-28,jpn,móvil,13650,150,Organic,medium,25,77,1.0,25,77,0.3246753246753247,13650.0,1.948051948051948
2024-01-28,mex,web,10434,111,CRM,sale,37,227,1.0,37,227,0.16299559471365638,10434.0,0.4889867841409692
2024-01-28,usa,móvil,2666,31,Social,instagram,3,70,1.0,3,70,0.04285714285714286,2666.0,0.44285714285714284
2024-01-28,usa,web,5640,60,Canal no identificado,Detalle canal no identificado,63,112,1.0,63,112,0.5625,5640.0,0.5357142857142857
2024-01-29,can,móvil,1056,12,Other,referral,90,240,1.0,90,240,0.375,1056.0,0.05
2024-01-29,esp,móvil,12420,138,CRM,marketing,134,303,0.38953488372093026,344,853,0.44224422442244227,4838.023255813954,0.45544554455445546
2024-01-29,esp,móvil,12420,138,CRM,sale,81,177,0.23546511627906977,344,853,0.4576271186440678,2924.4767441860467,0.7796610169491526
2024-01-29,esp,móvil,12420,138,Other,referral,78,199,0.22674418604651161,344,853,0.39195979899497485,2816.162790697674,0.6934673366834171
2024-01-29,esp,móvil,12420,138,Social,google,51,174,0.14825581395348839,344,853,0.29310344827586204,1841.3372093023258,0.7931034482758621
2024-01-29,fra,web,1053,13,Canal no identificado,Detalle canal no identificado,35,159,0.7446808510638298,47,307,0.22012578616352202,784.1489361702128,0.08176100628930817
2024-01-29,fra,web,1053,13,Organic,medium,12,148,0.2553191489361702,47,307,0.08108108108108109,268.8510638297872,0.08783783783783784
2024-01-29,ger,móvil,9828,108,Other,referral,136,427,1.0,136,427,0.3185011709601874,9828.0,0.2529274004683841
2024-01-29,ger,web,10680,120,Social,facebook,60,206,1.0,60,206,0.2912621359223301,10680.0,0.5825242718446602
2024-01-29,mex,móvil,516,6,Other,referral,6,233,1.0,6,233,0.02575107296137339,516.0,0.02575107296137339
2024-01-29,mex,web,7917,87,Other,referral,53,63,1.0,53,63,0.8412698412698413,7917.0,1.380952380952381
2024-01-29,usa,móvil,10296,117,CRM,marketing,43,85,0.9555555555555556,45,255,0.5058823529411764,9838.4,1.3764705882352941
2024-01-29,usa,móvil,10296,117,Organic,medium,2,170,0.044444444444444446,45,255,0.011764705882352941,457.6,0.6882352941176471
2024-01-29,usa,web,1092,13,CRM,marketing,12,295,1.0,12,295,0.04067796610169491,1092.0,0.04406779661016949
2024-01-30,can,móvil,5220,60,CRM,sale,36,152,0.27692307692307694,130,521,0.23684210526315788,1445.5384615384617,0.39473684210526316
2024-01-30,can,móvil,5220,60,Canal no identificado,Detalle canal no identificado,72,162,0.5538461538461539,130,521,0.4444444444444444,2891.0769230769233,0.37037037037037035
2024-01-30,can,móvil,5220,60,Other,referral,22,207,0.16923076923076924,130,521,0.10628019323671498,883.3846153846155,0.2898550724637681
2024-01-30,fra,web,3256,37,Social,google,93,255,1.0,93,255,0.36470588235294116,3256.0,0.1450980392156863
2024-01-30,jpn,móvil,11760,147,Canal no identificado,Detalle canal no identificado,31,50,0.3563218390804598,87,504,0.62,4190.344827586207,2.94
2024-01-30,jpn,móvil,11760,147,Other,referral,1,297,0.011494252873563218,87,504,0.003367003367003367,135.17241379310346,0.494949494949495
2024-01-30,jpn,móvil,11760,147,Social,google,55,157,0.632183908045977,87,504,0.3503184713375796,7434.482758620689,0.9363057324840764
2024-01-30,mex,móvil,10560,120,Social,facebook,0,58,0.0,39,305,0.0,0.0,2.0689655172413794
2024-01-30,mex,móvil,10560,120,Social,newsletter,39,247,1.0,39,305,0.15789473684210525,10560.0,0.48582995951417
2024-01-31,can,móvil,10614,122,CRM,sale,29,188,1.0,29,188,0.15425531914893617,10614.0,0.648936170212766
2024-01-31,can,web,6885,81,Canal no identificado,Detalle canal no identificado,66,233,1.0,66,233,0.2832618025751073,6885.0,0.34763948497854075
2024-01-31,esp,móvil,12516,149,CRM,marketing,38,237,0.3584905660377358,106,687,0.16033755274261605,4486.867924528302,0.6286919831223629
2024-01-31,esp,móvil,12516,149,Organic,medium,68,450,0.6415094339622641,106,687,0.1511111111111111,8029.132075471698,0.33111111111111113
2024-01-31,esp,web,2852,31,Other,referral,110,307,1.0,110,307,0.3583061889250814,2852.0,0.10097719869706841
2024-01-31,fra,móvil,9639,119,Organic,medium,53,235,0.9636363636363636,55,348,0.225531914893617,9288.49090909091,0.5063829787234042
2024-01-31,fra,móvil,9639,119,Other,referral,2,113,0.03636363636363636,55,348,0.017699115044247787,350.5090909090909,1.0530973451327434
2024-01-31,ger,web,10080,120,CRM,sale,13,313,0.05829596412556054,223,907,0.04153354632587859,587.6233183856502,0.38338658146964855
2024-01-31,ger,web,10080,120,Canal no identificado,Detalle canal no identificado,58,291,0.2600896860986547,223,907,0.19931271477663232,2621.7040358744393,0.41237113402061853
2024-01-31,ger,web,10080,120,Organic,medium,152,303,0.6816143497757847,223,907,0.5016501650165016,6870.67264573991,0.39603960396039606
2024-01-31,jpn,móvil,4880,61,Organic,medium,129,570,0.675392670157068,191,757,0.22631578947368422,3295.916230366492,0.10701754385964912
2024-01-31,jpn,móvil,4880,61,Other,referral,62,187,0.32460732984293195,191,757,0.3315508021390374,1584.083769633508,0.32620320855614976
2024-01-31,jpn,web,2070,23,CRM,sale,82,193,1.0,82,193,0.42487046632124353,2070.0,0.11917098445595854
2024-01-31,mex,web,8051,97,CRM,sale,27,160,0.09060402684563758,298,1018,0.16875,729.4530201342282,0.60625
2024-01-31,mex,web,8051,97,Canal no identificado,Detalle canal no identificado,173,598,0.5805369127516778,298,1018,0.28929765886287623,4673.902684563758,0.16220735785953178
2024-01-31,mex,web,8051,97,Paid,Comunicacion,98,260,0.3288590604026846,298,1018,0.3769230769230769,2647.6442953020137,0.3730769230769231
2024-01-31,usa,web,5022,54,Organic,medium,44,252,1.0,44,252,0.1746031746031746,5022.0,0.21428571428571427
2024-02-01,can,web,11676,139,Canal no identificado,Detalle canal no identificado,60,61,1.0,60,61,0.9836065573770492,11676.0,2.278688524590164
2024-02-01,esp,móvil,1974,21,Organic,medium,19,190,1.0,19,190,0.1,1974.0,0.11052631578947368
2024-02-01,esp,web,9200,115,CRM,sale,8,147,1.0,8,147,0.05442176870748299,9200.0,0.782312925170068
2024-02-01,fra,móvil,12615,145,CRM,marketing,90,214,0.5590062111801242,161,430,0.4205607476635514,7051.863354037267,0.677570093457944
2024-02-01,fra,móvil,12615,145,Social,twitter,71,216,0.4409937888198758,161,430,0.3287037037037037,5563.1366459627325,0.6712962962962963
2024-02-01,ger,web,498,6,Organic,medium,59,220,0.5841584158415841,101,386,0.2681818181818182,290.9108910891089,0.02727272727272727
2024-02-01,ger,web,498,6,Social,instagram,42,166,0.4158415841584158,101,386,0.25301204819277107,207.08910891089107,0.03614457831325301
2024-02-01,jpn,web,9434,106,CRM,sale,85,289,1.0,85,289,0.29411764705882354,9434.0,0.36678200692041524
2024-02-01,usa,móvil,4698,58,Organic,medium,63,261,1.0,63,261,0.2413793103448276,4698.0,0.2222222222222222
2024-02-01,usa,web,6956,74,CRM,transaccionales,54,131,1.0,54,131,0.4122137404580153,6956.0,0.5648854961832062
2024-02-02,fra,móvil,1440,16,Organic,medium,42,197,1.0,42,197,0.2131979695431472,1440.0,0.08121827411167512
2024-02-02,fra,web,10030,118,Organic,medium,168,359,1.0,168,359,0.467966573816156,10030.0,0.3286908077994429
2024-02-02,ger,móvil,2992,34,CRM,marketing,98,137,1.0,98,137,0.7153284671532847,2992.0,0.24817518248175183
2024-02-02,jpn,web,8181,101,Social,google,138,347,1.0,138,347,0.3976945244956772,8181.0,0.2910662824207493
2024-02-02,mex,web,12276,132,CRM,marketing,31,238,0.29245283018867924,106,430,0.13025210084033614,3590.1509433962265,0.5546218487394958
2024-02-02,mex,web,12276,132,Other,referral,75,192,0.7075471698113207,106,430,0.390625,8685.849056603773,0.6875
2024-02-02,usa,móvil,7452,81,CRM,marketing,59,79,1.0,59,79,0.7468354430379747,7452.0,1.0253164556962024
2024-02-03,can,web,2720,32,Organic,medium,29,198,0.4461538461538462,65,650,0.14646464646464646,1213.5384615384617,0.16161616161616163
2024-02-03,can,web,2720,32,Other,referral,23,182,0.35384615384615387,65,650,0.12637362637362637,962.4615384615386,0.17582417582417584
2024-02-03,can,web,2720,32,Paid,Comunicacion,13,270,0.2,65,650,0.04814814814814815,544.0,0.11851851851851852
2024-02-03,esp,web,5015,59,Other,referral,31,283,1.0,31,283,0.10954063604240283,5015.0,0.20848056537102475
2024-02-03,ger,móvil,8500,100,Social,facebook,76,102,1.0,76,102,0.7450980392156863,8500.0,0.9803921568627451
2024-02-03,jpn,móvil,1044,12,Canal no identificado,Detalle canal no identificado,88,261,1.0,88,261,0.3371647509578544,1044.0,0.04597701149425287
2024-02-03,jpn,web,2325,25,Other,referral,54,199,1.0,54,199,0.271356783919598,2325.0,0.12562814070351758
2024-02-03,mex,web,729,9,Social,instagram,36,55,0.28125,128,198,0.6545454545454545,205.03125,0.16363636363636364
2024-02-03,mex,web,729,9,Social,twitter,92,143,0.71875,128,198,0.6433566433566433,523.96875,0.06293706293706294
2024-02-03,usa,móvil,2064,24,Canal no identificado,Detalle canal no identificado,121,475,0.5817307692307693,208,612,0.25473684210526315,1200.6923076923078,0.05052631578947368
2024-02-03,usa,móvil,2064,24,Social,newsletter,87,137,0.4182692307692308,208,612,0.635036496350365,863.3076923076924,0.17518248175182483
2024-02-03,usa,web,7128,81,Other,referral,29,188,0.5272727272727272,55,404,0.15425531914893617,3758.3999999999996,0.4308510638297872
2024-02-03,usa,web,7128,81,Social,newsletter,26,216,0.4727272727272727,55,404,0.12037037037037036,3369.6,0.375
2024-02-04,can,web,9180,108,CRM,sale,81,291,0.45,180,421,0.27835051546391754,4131.0,0.3711340206185567
2024-02-04,can,web,9180,108,Organic,medium,99,130,0.55,180,421,0.7615384615384615,5049.0,0.8307692307692308
2024-02-04,esp,web,10450,110,CRM,sale,18,127,1.0,18,127,0.14173228346456693,10450.0,0.8661417322834646
2024-02-04,jpn,web,10101,111,Social,google,28,102,1.0,28,102,0.27450980392156865,10101.0,1.088235294117647
2024-02-04,mex,móvil,89,1,CRM,marketing,48,145,0.8421052631578947,57,408,0.3310344827586207,74.94736842105263,0.006896551724137931
2024-02-04,mex,móvil,89,1,Paid,Comunicacion,9,263,0.15789473684210525,57,408,0.034220532319391636,14.052631578947368,0.0038022813688212928
2024-02-04,mex,web,9595,101,Organic,medium,10,153,1.0,10,153,0.06535947712418301,9595.0,0.6601307189542484
2024-02-04,usa,web,4032,48,Canal no identificado,Detalle canal no identificado,29,220,1.0,29,512,0.1318181818181818,4032.0,0.21818181818181817
2024-02-04,usa,web,4032,48,Social,newsletter,0,292,0.0,29,512,0.0,0.0,0.1643835616438356
2024-02-05,can,móvil,336,4,Other,referral,25,139,1.0,25,139,0.17985611510791366,336.0,0.02877697841726619
2024-02-05,esp,móvil,504,6,CRM,transaccionales,65,217,1.0,65,217,0.2995391705069124,504.0,0.027649769585253458
2024-02-05,ger,web,5848,68,Canal no identificado,Detalle canal no identificado,38,118,0.5507246376811594,69,416,0.3220338983050847,3220.6376811594205,0.576271186440678
2024-02-05,ger,web,5848,68,Other,referral,31,298,0.4492753623188406,69,416,0.1040268456375839,2627.3623188405795,0.22818791946308725
2024-02-05,jpn,móvil,12462,134,Other,referral,64,247,1.0,64,247,0.2591093117408907,12462.0,0.5425101214574899
2024-02-05,jpn,web,5893,71,Organic,medium,28,270,0.3181818181818182,88,355,0.1037037037037037,1875.0454545454545,0.26296296296296295
2024-02-05,jpn,web,5893,71,Social,facebook,60,85,0.6818181818181818,88,355,0.7058823529411765,4017.954545454545,0.8352941176470589
2024-02-05,usa,móvil,83,1,Paid,Comunicacion,16,215,1.0,16,215,0.07441860465116279,83.0,0.004651162790697674
2024-02-06,can,móvil,5146,62,Organic,medium,28,70,1.0,28,70,0.4,5146.0,0.8857142857142857
2024-02-06,esp,móvil,5580,62,Canal no identificado,Detalle canal no identificado,118,483,0.9516129032258065,124,690,0.2443064182194617,5310.0,0.12836438923395446
2024-02-06,esp,móvil,5580,62,Social,facebook,6,207,0.04838709677419355,124,690,0.028985507246376812,270.0,0.2995169082125604
2024-02-06,esp,web,13410,149,Other,referral,38,68,1.0,38,68,0.5588235294117647,13410.0,2.1911764705882355
2024-02-06,ger,móvil,5355,63,Canal no identificado,Detalle canal no identificado,27,148,0.21774193548387097,124,456,0.18243243243243243,1166.008064516129,0.42567567567567566
2024-02-06,ger,móvil,5355,63,Other,referral,50,204,0.4032258064516129,124,456,0.24509803921568626,2159.274193548387,0.3088235294117647
2024-02-06,ger,móvil,5355,63,Social,newsletter,47,104,0.3790322580645161,124,456,0.4519230769230769,2029.717741935484,0.6057692307692307
2024-02-06,ger,web,3612,42,Organic,medium,32,122,0.25196850393700787,127,262,0.26229508196721313,910.1102362204724,0.3442622950819672
2024-02-06,ger,web,3612,42,Social,facebook,95,140,0.7480314960629921,127,262,0.6785714285714286,2701.8897637795276,0.3
2024-02-06,jpn,móvil,5162,58,Other,referral,134,386,1.0,134,386,0.3471502590673575,5162.0,0.15025906735751296
2024-02-06,mex,web,11907,147,Organic,medium,51,239,0.53125,96,377,0.21338912133891214,6325.59375,0.6150627615062761
2024-02-06,mex,web,11907,147,Paid,Comunicacion,45,138,0.46875,96,377,0.32608695652173914,5581.40625,1.065217391304348
2024-02-06,usa,web,5632,64,Organic,medium,66,267,1.0,66,267,0.24719101123595505,5632.0,0.2397003745318352
2024-02-07,can,móvil,5680,71,Organic,medium,6,83,1.0,6,83,0.07228915662650602,5680.0,0.8554216867469879
2024-02-07,can,web,8366,89,CRM,marketing,82,299,0.8723404255319149,94,588,0.27424749163879597,7298.0,0.2976588628762542
2024-02-07,can,web,8366,89,Canal no identificado,Detalle canal no identificado,10,118,0.10638297872340426,94,588,0.0847457627118644,890.0,0.7542372881355932
2024-02-07,can,web,8366,89,Other,referral,2,171,0.02127659574468085,94,588,0.011695906432748537,178.0,0.52046783625731
2024-02-07,esp,web,11658,134,CRM,sale,88,291,0.946236559139785,93,586,0.3024054982817869,11031.225806451614,0.46048109965635736
2024-02-07,esp,web,11658,134,Canal no identificado,Detalle canal no identificado,5,295,0.053763440860215055,93,586,0.01694915254237288,626.7741935483871,0.4542372881355932
2024-02-07,fra,móvil,14155,149,Other,referral,78,297,1.0,78,297,0.26262626262626265,14155.0,0.5016835016835017
2024-02-07,fra,web,2924,34,CRM,transaccionales,1,60,0.030303030303030304,33,302,0.016666666666666666,88.60606060606061,0.5666666666666667
2024-02-07,fra,web,2924,34,Canal no identificado,Detalle canal no identificado,32,242,0.9696969696969697,33,302,0.1322314049586777,2835.3939393939395,0.14049586776859505
2024-02-07,ger,web,1118,13,Other,referral,11,181,1.0,11,181,0.06077348066298342,1118.0,0.0718232044198895
2024-02-07,jpn,móvil,5600,70,Organic,medium,56,298,1.0,56,298,0.18791946308724833,5600.0,0.2348993288590604
2024-02-07,jpn,web,7708,94,Organic,medium,62,171,1.0,62,171,0.36257309941520466,7708.0,0.5497076023391813
2024-02-07,mex,móvil,10974,118,Other,referral,33,275,1.0,33,275,0.12,10974.0,0.4290909090909091
2024-02-07,mex,web,11115,117,Other,referral,91,293,1.0,91,293,0.310580204778157,11115.0,0.3993174061433447
2024-02-08,can,web,6786,78,CRM,sale,27,201,1.0,27,201,0.13432835820895522,6786.0,0.3880597014925373
2024-02-08,esp,web,6720,80,Social,facebook,63,130,1.0,63,130,0.4846153846153846,6720.0,0.6153846153846154
2024-02-08,fra,móvil,4480,56,Organic,medium,18,101,1.0,18,101,0.1782178217821782,4480.0,0.5544554455445545
2024-02-08,fra,web,10406,121,Canal no identificado,Detalle canal no identificado,17,194,1.0,17,194,0.08762886597938144,10406.0,0.6237113402061856
2024-02-08,ger,móvil,4988,58,Organic,medium,74,234,1.0,74,234,0.3162393162393162,4988.0,0.24786324786324787
2024-02-08,ger,web,5292,63,Social,newsletter,67,133,1.0,67,133,0.5037593984962406,5292.0,0.47368421052631576
2024-02-08,jpn,móvil,11571,133,Social,google,98,176,1.0,98,176,0.5568181818181818,11571.0,0.7556818181818182
2024-02-08,mex,web,2136,24,CRM,marketing,86,132,0.3722943722943723,231,419,0.6515151515151515,795.2207792207793,0.18181818181818182
2024-02-08,mex,web,2136,24,CRM,sale,145,287,0.6277056277056277,231,419,0.5052264808362369,1340.7792207792206,0.08362369337979095
2024-02-08,usa,móvil,3293,37,Organic,medium,26,138,0.28888888888888886,90,461,0.18840579710144928,951.311111111111,0.26811594202898553
2024-02-08,usa,móvil,3293,37,Other,referral,64,323,0.7111111111111111,90,461,0.19814241486068113,2341.688888888889,0.11455108359133127
2024-02-08,usa,web,5005,55,Social,newsletter,72,180,1.0,72,180,0.4,5005.0,0.3055555555555556
2024-02-09,can,móvil,9657,111,Canal no identificado,Detalle canal no identificado,37,53,1.0,37,53,0.6981132075471698,9657.0,2.0943396226415096
2024-02-09,esp,web,11424,136,Other,referral,68,217,1.0,68,217,0.31336405529953915,11424.0,0.6267281105990783
2024-02-09,fra,móvil,6278,73,CRM,marketing,5,208,0.16129032258064516,31,410,0.02403846153846154,1012.5806451612902,0.35096153846153844
2024-02-09,fra,móvil,6278,73,Social,twitter,26,202,0.8387096774193549,31,410,0.12871287128712872,5265.41935483871,0.3613861386138614
2024-02-09,ger,móvil,880,11,CRM,sale,27,185,1.0,27,185,0.14594594594594595,880.0,0.05945945945945946
2024-02-09,ger,web,1162,14,Paid,Comunicacion,30,291,1.0,30,291,0.10309278350515463,1162.0,0.048109965635738834
2024-02-09,mex,móvil,3240,36,Canal no identificado,Detalle canal no identificado,12,102,1.0,12,102,0.11764705882352941,3240.0,0.35294117647058826
2024-02-09,mex,web,11440,143,Social,newsletter,63,112,1.0,63,112,0.5625,11440.0,1.2767857142857142
2024-02-09,usa,móvil,10624,128,CRM,transaccionales,84,184,0.2727272727272727,308,759,0.45652173913043476,2897.454545454545,0.6956521739130435
2024-02-09,usa,móvil,10624,128,Canal no identificado,Detalle canal no identificado,0,114,0.0,308,759,0.0,0.0,1.1228070175438596
2024-02-09,usa,móvil,10624,128,Organic,medium,52,179,0.16883116883116883,308,759,0.2905027932960894,1793.6623376623377,0.7150837988826816
2024-02-09,usa,móvil,10624,128,Other,referral,83,203,0.2694805194805195,308,759,0.4088669950738916,2862.961038961039,0.6305418719211823
2024-02-09,usa,móvil,10624,128,Social,google,89,79,0.288961038961039,308,759,1.1265822784810127,3069.922077922078,1.620253164556962
2024-02-09,usa,web,8280,92,CRM,sale,72,153,0.35467980295566504,203,825,0.47058823529411764,2936.7487684729067,0.6013071895424836
2024-02-09,usa,web,8280,92,Canal no identificado,Detalle canal no identificado,60,126,0.2955665024630542,203,825,0.47619047619047616,2447.2906403940888,0.7301587301587301
2024-02-09,usa,web,8280,92,Organic,medium,7,252,0.034482758620689655,203,825,0.027777777777777776,285.51724137931035,0.36507936507936506
2024-02-09,usa,web,8280,92,Social,google,64,294,0.31527093596059114,203,825,0.21768707482993196,2610.4433497536947,0.3129251700680272
2024-02-10,esp,web,9860,116,Other,referral,98,140,0.6363636363636364,154,323,0.7,6274.545454545454,0.8285714285714286
2024-02-10,esp,web,9860,116,Social,google,56,183,0.36363636363636365,154,323,0.30601092896174864,3585.4545454545455,0.6338797814207651
2024-02-10,fra,web,7470,90,Other,referral,65,205,0.6190476190476191,105,497,0.3170731707317073,4624.285714285715,0.43902439024390244
2024-02-10,fra,web,7470,90,Social,facebook,40,292,0.38095238095238093,105,497,0.136986301369863,2845.714285714286,0.3082191780821918
2024-02-10,jpn,web,4176,48,CRM,marketing,33,241,1.0,33,241,0.13692946058091288,4176.0,0.1991701244813278
2024-02-10,mex,móvil,5544,66,Organic,medium,54,193,0.421875,128,467,0.27979274611398963,2338.875,0.34196891191709844
2024-02-10,mex,móvil,5544,66,Social,twitter,74,274,0.578125,128,467,0.27007299270072993,3205.125,0.24087591240875914
2024-02-10,mex,web,11811,127,CRM,sale,26,133,1.0,26,133,0.19548872180451127,11811.0,0.9548872180451128
2024-02-10,usa,móvil,12328,134,Canal no identificado,Detalle canal no identificado,42,264,0.3888888888888889,108,377,0.1590909090909091,4794.222222222223,0.5075757575757576
2024-02-10,usa,móvil,12328,134,Other,referral,66,113,0.6111111111111112,108,377,0.584070796460177,7533.777777777778,1.1858407079646018
2024-02-10,usa,web,5103,63,CRM,marketing,88,299,0.946236559139785,93,442,0.29431438127090304,4828.645161290323,0.21070234113712374
2024-02-10,usa,web,5103,63,CRM,sale,5,143,0.053763440860215055,93,442,0.03496503496503497,274.35483870967744,0.4405594405594406
2024-02-11,can,móvil,11970,126,CRM,marketing,25,276,0.352112676056338,71,385,0.09057971014492754,4214.788732394366,0.45652173913043476
2024-02-11,can,móvil,11970,126,Organic,medium,46,109,0.647887323943662,71,385,0.42201834862385323,7755.211267605634,1.1559633027522935
2024-02-11,can,web,2697,29,Organic,medium,41,297,1.0,41,297,0.13804713804713806,2697.0,0.09764309764309764
2024-02-11,esp,web,6716,73,Social,facebook,3,158,1.0,3,158,0.0189873417721519,6716.0,0.4620253164556962
2024-02-11,fra,móvil,3696,44,Canal no identificado,Detalle canal no identificado,98,154,1.0,98,154,0.6363636363636364,3696.0,0.2857142857142857
2024-02-11,fra,web,2852,31,Canal no identificado,Detalle canal no identificado,74,285,0.39361702127659576,188,491,0.2596491228070175,1122.595744680851,0.10877192982456141
2024-02-11,fra,web,2852,31,Organic,medium,30,76,0.1595744680851064,188,491,0.39473684210526316,455.10638297872345,0.40789473684210525
2024-02-11,fra,web,2852,31,Paid,Comunicacion,84,130,0.44680851063829785,188,491,0.6461538461538462,1274.2978723404256,0.23846153846153847
2024-02-11,ger,web,11115,117,CRM,marketing,53,55,1.0,53,55,0.9636363636363636,11115.0,2.1272727272727274
2024-02-11,jpn,móvil,13616,148,Social,facebook,59,133,1.0,59,133,0.44360902255639095,13616.0,1.112781954887218
2024-02-11,jpn,web,1092,13,CRM,sale,24,134,1.0,24,134,0.1791044776119403,1092.0,0.09701492537313433
2024-02-11,mex,móvil,1743,21,Other,referral,74,180,1.0,74,180,0.4111111111111111,1743.0,0.11666666666666667
2024-02-11,mex,web,7920,90,Organic,medium,32,294,0.8648648648648649,37,400,0.10884353741496598,6849.72972972973,0.30612244897959184
2024-02-11,mex,web,7920,90,Other,referral,5,106,0.13513513513513514,37,400,0.04716981132075472,1070.2702702702704,0.8490566037735849
2024-02-11,usa,móvil,2492,28,CRM,sale,47,96,1.0,47,96,0.4895833333333333,2492.0,0.2916666666666667
2024-02-12,can,móvil,2883,31,Social,google,54,259,0.8059701492537313,67,309,0.2084942084942085,2323.6119402985073,0.11969111969111969
2024-02-12,can,móvil,2883,31,Social,twitter,13,50,0.19402985074626866,67,309,0.26,559.3880597014926,0.62
2024-02-12,can,web,1767,19,Social,twitter,25,234,1.0,25,234,0.10683760683760683,1767.0,0.0811965811965812
2024-02-12,esp,móvil,11610,135,Other,referral,58,232,1.0,58,232,0.25,11610.0,0.5818965517241379
2024-02-12,fra,móvil,11830,130,Other,referral,72,265,1.0,72,265,0.27169811320754716,11830.0,0.49056603773584906
2024-02-12,ger,web,3600,40,Organic,medium,8,187,1.0,8,187,0.0427807486631016,3600.0,0.21390374331550802
2024-02-12,jpn,móvil,3888,48,Canal no identificado,Detalle canal no identificado,27,210,1.0,27,210,0.12857142857142856,3888.0,0.22857142857142856
2024-02-12,mex,móvil,5074,59,Social,google,95,173,1.0,95,173,0.5491329479768786,5074.0,0.34104046242774566
2024-02-12,mex,web,8835,95,Other,referral,79,262,1.0,79,262,0.3015267175572519,8835.0,0.36259541984732824
2024-02-13,esp,móvil,6204,66,Organic,medium,0,107,0.0,4,391,0.0,0.0,0.616822429906542
2024-02-13,esp,móvil,6204,66,Other,referral,4,284,1.0,4,391,0.014084507042253521,6204.0,0.2323943661971831
2024-02-13,esp,web,564,6,CRM,sale,90,263,1.0,90,263,0.34220532319391633,564.0,0.022813688212927757
2024-02-13,ger,móvil,93,1,Organic,medium,63,113,1.0,63,113,0.5575221238938053,93.0,0.008849557522123894
2024-02-13,ger,web,8652,103,Organic,medium,74,111,1.0,74,111,0.6666666666666666,8652.0,0.9279279279279279
2024-02-13,jpn,web,3690,41,CRM,marketing,17,66,1.0,17,66,0.25757575757575757,3690.0,0.6212121212121212
2024-02-13,mex,móvil,12584,143,Canal no identificado,Detalle canal no identificado,33,247,1.0,33,247,0.13360323886639677,12584.0,0.5789473684210527
2024-02-13,mex,web,5015,59,CRM,transaccionales,59,61,1.0,59,61,0.9672131147540983,5015.0,0.9672131147540983
2024-02-13,usa,móvil,11360,142,Other,referral,77,263,1.0,77,263,0.29277566539923955,11360.0,0.5399239543726235
2024-02-13,usa,web,5376,64,CRM,marketing,86,125,0.9052631578947369,95,348,0.688,4866.694736842105,0.512
2024-02-13,usa,web,5376,64,Organic,medium,9,223,0.09473684210526316,95,348,0.04035874439461883,509.30526315789473,0.28699551569506726
2024-02-14,can,web,11730,138,Canal no identificado,Detalle canal no identificado,89,234,1.0,89,234,0.3803418803418803,11730.0,0.5897435897435898
2024-02-14,esp,móvil,9760,122,Organic,medium,63,228,0.2669491525423729,236,767,0.27631578947368424,2605.4237288135596,0.5350877192982456
2024-02-14,esp,móvil,9760,122,Other,referral,86,293,0.3644067796610169,236,767,0.2935153583617747,3556.610169491525,0.41638225255972694
2024-02-14,esp,móvil,9760,122,Social,twitter,87,246,0.3686440677966102,236,767,0.35365853658536583,3597.9661016949153,0.4959349593495935
2024-02-14,esp,web,4675,55,CRM,sale,33,168,0.3,110,699,0.19642857142857142,1402.5,0.3273809523809524
2024-02-14,esp,web,4675,55,Canal no identificado,Detalle canal no identificado,73,254,0.6636363636363637,110,699,0.2874015748031496,3102.5000000000005,0.21653543307086615
2024-02-14,esp,web,4675,55,Other,referral,4,277,0.03636363636363636,110,699,0.01444043321299639,170.0,0.19855595667870035
2024-02-14,fra,web,11832,136,CRM,marketing,38,199,1.0,38,199,0.19095477386934673,11832.0,0.6834170854271356
2024-02-14,ger,móvil,9120,114,Organic,medium,21,109,0.19811320754716982,106,322,0.1926605504587156,1806.7924528301887,1.0458715596330275
2024-02-14,ger,móvil,9120,114,Social,instagram,85,213,0.8018867924528302,106,322,0.39906103286384975,7313.207547169812,0.5352112676056338
2024-02-14,jpn,móvil,8184,88,CRM,transaccionales,66,244,0.6470588235294118,102,530,0.27049180327868855,5295.529411764706,0.36065573770491804
2024-02-14,jpn,móvil,8184,88,Social,instagram,36,286,0.35294117647058826,102,530,0.1258741258741259,2888.470588235294,0.3076923076923077
2024-02-14,mex,móvil,7031,79,CRM,marketing,85,275,1.0,85,275,0.3090909090909091,7031.0,0.2872727272727273
2024-02-14,mex,web,10120,110,Social,twitter,16,169,1.0,16,169,0.09467455621301775,10120.0,0.650887573964497
2024-02-14,usa,móvil,1968,24,Canal no identificado,Detalle canal no identificado,36,175,1.0,36,175,0.2057142857142857,1968.0,0.13714285714285715
2024-02-14,usa,web,6764,76,Social,instagram,39,253,1.0,39,253,0.1541501976284585,6764.0,0.30039525691699603
2024-02-15,esp,móvil,2904,33,Canal no identificado,Detalle canal no identificado,34,80,1.0,34,80,0.425,2904.0,0.4125
2024-02-15,fra,móvil,13083,147,Social,google,1,156,1.0,1,156,0.00641025641025641,13083.0,0.9423076923076923
2024-02-15,ger,móvil,8836,94,Organic,medium,94,74,0.8468468468468469,111,222,1.2702702702702702,7482.738738738739,1.2702702702702702
2024-02-15,ger,móvil,8836,94,Social,newsletter,17,148,0.15315315315315314,111,222,0.11486486486486487,1353.261261261261,0.6351351351351351
2024-02-15,mex,web,9393,101,CRM,marketing,52,173,1.0,52,173,0.30057803468208094,9393.0,0.5838150289017341
2024-02-15,usa,web,2046,22,CRM,transaccionales,95,109,1.0,95,109,0.8715596330275229,2046.0,0.2018348623853211
2024-02-16,fra,web,10400,130,Canal no identificado,Detalle canal no identificado,76,223,0.5277777777777778,144,363,0.34080717488789236,5488.888888888889,0.5829596412556054
2024-02-16,fra,web,10400,130,Social,twitter,68,140,0.4722222222222222,144,363,0.4857142857142857,4911.111111111111,0.9285714285714286
2024-02-16,ger,web,7744,88,Canal no identificado,Detalle canal no identificado,8,149,0.11594202898550725,69,351,0.053691275167785234,897.8550724637681,0.5906040268456376
2024-02-16,ger,web,7744,88,Social,instagram,61,202,0.8840579710144928,69,351,0.30198019801980197,6846.144927536232,0.43564356435643564
2024-02-16,jpn,web,6052,68,CRM,marketing,75,120,0.4807692307692308,156,331,0.625,2909.6153846153848,0.5666666666666667
2024-02-16,jpn,web,6052,68,Canal no identificado,Detalle canal no identificado,81,211,0.5192307692307693,156,331,0.38388625592417064,3142.3846153846157,0.3222748815165877
2024-02-16,mex,móvil,9701,109,Canal no identificado,Detalle canal no identificado,89,238,0.967391304347826,92,338,0.3739495798319328,9384.66304347826,0.4579831932773109
2024-02-16,mex,móvil,9701,109,Social,instagram,3,100,0.03260869565217391,92,338,0.03,316.3369565217391,1.09
2024-02-16,usa,móvil,2640,33,Other,referral,55,134,1.0,55,134,0.41044776119402987,2640.0,0.2462686567164179
2024-02-17,can,móvil,2914,31,Other,referral,91,117,0.6319444444444444,144,386,0.7777777777777778,1841.486111111111,0.26495726495726496
2024-02-17,can,móvil,2914,31,Social,google,53,269,0.3680555555555556,144,386,0.1970260223048327,1072.513888888889,0.11524163568773234
2024-02-17,can,web,11440,143,Other,referral,28,69,0.5833333333333334,48,129,0.4057971014492754,6673.333333333334,2.072463768115942
2024-02-17,can,web,11440,143,Social,newsletter,20,60,0.4166666666666667,48,129,0.3333333333333333,4766.666666666667,2.3833333333333333
2024-02-17,esp,móvil,11495,121,CRM,sale,84,88,0.4117647058823529,204,336,0.9545454545454546,4733.235294117647,1.375
2024-02-17,esp,móvil,11495,121,Other,referral,91,182,0.44607843137254904,204,336,0.5,5127.671568627451,0.6648351648351648
2024-02-17,esp,móvil,11495,121,Social,google,29,66,0.14215686274509803,204,336,0.4393939393939394,1634.0931372549019,1.8333333333333333
2024-02-17,esp,web,5888,64,Canal no identificado,Detalle canal no identificado,47,466,0.6527777777777778,72,539,0.10085836909871244,3843.5555555555557,0.13733905579399142
2024-02-17,esp,web,5888,64,Other,referral,25,73,0.3472222222222222,72,539,0.3424657534246575,2044.4444444444443,0.8767123287671232
2024-02-17,fra,móvil,4675,55,CRM,marketing,40,152,0.26666666666666666,150,303,0.2631578947368421,1246.6666666666667,0.3618421052631579
2024-02-17,fra,móvil,4675,55,Organic,medium,30,74,0.2,150,303,0.40540540540540543,935.0,0.7432432432432432
2024-02-17,fra,móvil,4675,55,Other,referral,80,77,0.5333333333333333,150,303,1.0389610389610389,2493.3333333333335,0.7142857142857143
2024-02-17,ger,web,2666,31,Organic,medium,61,275,1.0,61,275,0.22181818181818183,2666.0,0.11272727272727273
2024-02-17,jpn,móvil,5525,65,CRM,sale,80,188,0.6557377049180327,122,407,0.425531914893617,3622.950819672131,0.34574468085106386
2024-02-17,jpn,móvil,5525,65,Canal no identificado,Detalle canal no identificado,42,219,0.3442622950819672,122,407,0.1917808219178082,1902.0491803278687,0.2968036529680365
2024-02-17,mex,móvil,11440,143,CRM,marketing,51,159,0.3722627737226277,137,632,0.32075471698113206,4258.686131386861,0.89937106918239
2024-02-17,mex,móvil,11440,143,CRM,transaccionales,68,289,0.49635036496350365,137,632,0.23529411764705882,5678.248175182482,0.49480968858131485
2024-02-17,mex,móvil,11440,143,Organic,medium,18,184,0.13138686131386862,137,632,0.09782608695652174,1503.065693430657,0.7771739130434783
2024-02-17,usa,móvil,7440,93,Social,twitter,5,238,1.0,5,238,0.02100840336134454,7440.0,0.3907563025210084
2024-02-17,usa,web,8640,96,CRM,sale,8,158,1.0,8,158,0.05063291139240506,8640.0,0.6075949367088608
2024-02-18,can,móvil,12104,136,Canal no identificado,Detalle canal no identificado,72,163,0.549618320610687,131,489,0.44171779141104295,6652.580152671756,0.8343558282208589
2024-02-18,can,móvil,12104,136,Organic,medium,28,71,0.21374045801526717,131,489,0.39436619718309857,2587.114503816794,1.9154929577464788
2024-02-18,can,móvil,12104,136,Social,twitter,31,255,0.2366412213740458,131,489,0.12156862745098039,2864.3053435114502,0.5333333333333333
2024-02-18,can,web,10368,128,Organic,medium,153,308,0.9161676646706587,167,581,0.4967532467532468,9498.826347305388,0.4155844155844156
2024-02-18,can,web,10368,128,Other,referral,14,273,0.08383233532934131,167,581,0.05128205128205128,869.1736526946107,0.46886446886446886
2024-02-18,esp,móvil,11610,129,CRM,sale,97,222,0.751937984496124,129,375,0.4369369369369369,8730.0,0.581081081081081
2024-02-18,esp,móvil,11610,129,Other,referral,32,153,0.24806201550387597,129,375,0.20915032679738563,2880.0,0.8431372549019608
2024-02-18,ger,móvil,6699,77,CRM,sale,73,291,1.0,73,291,0.2508591065292096,6699.0,0.2646048109965636
2024-02-18,ger,web,4698,54,CRM,marketing,23,145,0.2839506172839506,81,261,0.15862068965517243,1334.0,0.3724137931034483
2024-02-18,ger,web,4698,54,Other,referral,58,116,0.7160493827160493,81,261,0.5,3364.0,0.46551724137931033
2024-02-18,jpn,móvil,1350,15,Other,referral,95,281,1.0,95,281,0.33807829181494664,1350.0,0.05338078291814947
2024-02-18,jpn,web,4717,53,CRM,sale,48,128,0.41379310344827586,116,370,0.375,1951.8620689655172,0.4140625
2024-02-18,jpn,web,4717,53,Canal no identificado,Detalle canal no identificado,38,64,0.3275862068965517,116,370,0.59375,1545.2241379310344,0.828125
2024-02-18,jpn,web,4717,53,Social,google,30,178,0.25862068965517243,116,370,0.16853932584269662,1219.9137931034484,0.29775280898876405
2024-02-18,mex,móvil,13299,143,Social,facebook,8,282,0.08163265306122448,98,350,0.028368794326241134,1085.6326530612243,0.5070921985815603
2024-02-18,mex,móvil,13299,143,Social,newsletter,90,68,0.9183673469387755,98,350,1.3235294117647058,12213.367346938776,2.1029411764705883
2024-02-19,can,móvil,7896,84,Canal no identificado,Detalle canal no identificado,99,216,1.0,99,216,0.4583333333333333,7896.0,0.3888888888888889
2024-02-19,esp,móvil,6072,66,Social,facebook,24,132,1.0,24,132,0.18181818181818182,6072.0,0.5
2024-02-19,esp,web,6237,77,Organic,medium,94,214,1.0,94,214,0.4392523364485981,6237.0,0.3598130841121495
2024-02-19,fra,web,8649,93,Other,referral,10,57,1.0,10,57,0.17543859649122806,8649.0,1.631578947368421
2024-02-19,jpn,móvil,1827,21,Canal no identificado,Detalle canal no identificado,69,212,1.0,69,372,0.32547169811320753,1827.0,0.09905660377358491
2024-02-19,jpn,móvil,1827,21,Organic,medium,0,160,0.0,69,372,0.0,0.0,0.13125
2024-02-19,mex,móvil,4346,53,Social,facebook,36,138,1.0,36,138,0.2608695652173913,4346.0,0.38405797101449274
2024-02-19,usa,móvil,11562,123,Social,twitter,59,295,1.0,59,295,0.2,11562.0,0.41694915254237286
2024-02-20,can,web,11360,142,CRM,marketing,40,150,1.0,40,150,0.26666666666666666,11360.0,0.9466666666666667
2024-02-20,esp,móvil,10829,119,Canal no identificado,Detalle canal no identificado,80,75,1.0,80,75,1.0666666666666667,10829.0,1.5866666666666667
2024-02-20,fra,móvil,1680,20,Canal no identificado,Detalle canal no identificado,9,293,0.060810810810810814,148,850,0.030716723549488054,102.16216216216216,0.06825938566552901
2024-02-20,fra,móvil,1680,20,Organic,medium,87,502,0.5878378378378378,148,850,0.17330677290836655,987.5675675675676,0.0398406374501992
2024-02-20,fra,móvil,1680,20,Other,referral,52,55,0.35135135135135137,148,850,0.9454545454545454,590.2702702702703,0.36363636363636365
2024-02-20,fra,web,2457,27,CRM,transaccionales,94,184,0.7121212121212122,132,439,0.5108695652173914,1749.6818181818182,0.14673913043478262
2024-02-20,fra,web,2457,27,Organic,medium,38,255,0.2878787878787879,132,439,0.14901960784313725,707.3181818181819,0.10588235294117647
2024-02-20,ger,web,3237,39,Organic,medium,16,257,1.0,16,257,0.0622568093385214,3237.0,0.1517509727626459
2024-02-20,jpn,móvil,7221,87,Social,google,79,66,1.0,79,66,1.196969696969697,7221.0,1.3181818181818181
2024-02-20,mex,móvil,8645,95,Social,facebook,37,267,1.0,37,267,0.13857677902621723,8645.0,0.35580524344569286
